0 verbose cli /data/data/com.termux/files/usr/bin/node /data/data/com.termux/files/usr/bin/npm
1 info using npm@11.17.0
2 info using node@v26.3.1
3 silly config load:file:/data/data/com.termux/files/usr/lib/node_modules/npm/npmrc
4 silly config load:file:/data/data/com.termux/files/home/IRONSIGHT/.npmrc
5 silly config load:file:/data/data/com.termux/files/home/.npmrc
6 silly config load:file:/data/data/com.termux/files/usr/etc/npmrc
7 verbose title npm install
8 verbose argv "install"
9 verbose logfile logs-max:10 dir:/data/data/com.termux/files/home/.npm/_logs/2026-08-24T02_50_35_683Z-
10 verbose logfile /data/data/com.termux/files/home/.npm/_logs/2026-08-24T02_50_35_683Z-debug-0.log
11 silly logfile done cleaning log files
12 silly packumentCache heap:1174405120 maxSize:293601280 maxEntrySize:146800640
13 silly idealTree buildDeps
14 silly reify moves {}
15 http fetch GET 200 https://registry.npmjs.org/npm 2120ms
16 silly audit bulk request {
16 silly audit   '@alloc/quick-lru': [ '5.2.0' ],
16 silly audit   '@babel/code-frame': [ '7.29.0' ],
16 silly audit   '@babel/compat-data': [ '7.29.0' ],
16 silly audit   '@babel/core': [ '7.29.0' ],
16 silly audit   json5: [ '2.2.3', '1.0.2' ],
16 silly audit   semver: [ '6.3.1', '7.7.4' ],
16 silly audit   '@babel/generator': [ '7.29.1' ],
16 silly audit   '@babel/helper-compilation-targets': [ '7.28.6' ],
16 silly audit   '@babel/helper-globals': [ '7.28.0' ],
16 silly audit   '@babel/helper-module-imports': [ '7.28.6' ],
16 silly audit   '@babel/helper-module-transforms': [ '7.28.6' ],
16 silly audit   '@babel/helper-string-parser': [ '7.27.1' ],
16 silly audit   '@babel/helper-validator-identifier': [ '7.28.5' ],
16 silly audit   '@babel/helper-validator-option': [ '7.27.1' ],
16 silly audit   '@babel/helpers': [ '7.29.2' ],
16 silly audit   '@babel/parser': [ '7.29.2' ],
16 silly audit   '@babel/template': [ '7.28.6' ],
16 silly audit   '@babel/traverse': [ '7.29.0' ],
16 silly audit   '@babel/types': [ '7.29.0' ],
16 silly audit   '@emnapi/core': [ '1.9.1' ],
16 silly audit   '@emnapi/runtime': [ '1.9.1' ],
16 silly audit   '@emnapi/wasi-threads': [ '1.2.0' ],
16 silly audit   '@eslint-community/eslint-utils': [ '4.9.1' ],
16 silly audit   'eslint-visitor-keys': [ '3.4.3', '5.0.1', '4.2.1' ],
16 silly audit   '@eslint-community/regexpp': [ '4.12.2' ],
16 silly audit   '@eslint/config-array': [ '0.21.2' ],
16 silly audit   '@eslint/config-helpers': [ '0.4.2' ],
16 silly audit   '@eslint/core': [ '0.17.0' ],
16 silly audit   '@eslint/eslintrc': [ '3.3.5' ],
16 silly audit   '@eslint/js': [ '9.39.4' ],
16 silly audit   '@eslint/object-schema': [ '2.1.7' ],
16 silly audit   '@eslint/plugin-kit': [ '0.4.1' ],
16 silly audit   '@humanfs/core': [ '0.19.1' ],
16 silly audit   '@humanfs/node': [ '0.16.7' ],
16 silly audit   '@humanwhocodes/module-importer': [ '1.0.1' ],
16 silly audit   '@humanwhocodes/retry': [ '0.4.3' ],
16 silly audit   '@img/colour': [ '1.1.0' ],
16 silly audit   '@img/sharp-darwin-arm64': [ '0.34.5' ],
16 silly audit   '@img/sharp-darwin-x64': [ '0.34.5' ],
16 silly audit   '@img/sharp-libvips-darwin-arm64': [ '1.2.4' ],
16 silly audit   '@img/sharp-libvips-darwin-x64': [ '1.2.4' ],
16 silly audit   '@img/sharp-libvips-linux-arm': [ '1.2.4' ],
16 silly audit   '@img/sharp-libvips-linux-arm64': [ '1.2.4' ],
16 silly audit   '@img/sharp-libvips-linux-ppc64': [ '1.2.4' ],
16 silly audit   '@img/sharp-libvips-linux-riscv64': [ '1.2.4' ],
16 silly audit   '@img/sharp-libvips-linux-s390x': [ '1.2.4' ],
16 silly audit   '@img/sharp-libvips-linux-x64': [ '1.2.4' ],
16 silly audit   '@img/sharp-libvips-linuxmusl-arm64': [ '1.2.4' ],
16 silly audit   '@img/sharp-libvips-linuxmusl-x64': [ '1.2.4' ],
16 silly audit   '@img/sharp-linux-arm': [ '0.34.5' ],
16 silly audit   '@img/sharp-linux-arm64': [ '0.34.5' ],
16 silly audit   '@img/sharp-linux-ppc64': [ '0.34.5' ],
16 silly audit   '@img/sharp-linux-riscv64': [ '0.34.5' ],
16 silly audit   '@img/sharp-linux-s390x': [ '0.34.5' ],
16 silly audit   '@img/sharp-linux-x64': [ '0.34.5' ],
16 silly audit   '@img/sharp-linuxmusl-arm64': [ '0.34.5' ],
16 silly audit   '@img/sharp-linuxmusl-x64': [ '0.34.5' ],
16 silly audit   '@img/sharp-wasm32': [ '0.34.5' ],
16 silly audit   '@img/sharp-win32-arm64': [ '0.34.5' ],
16 silly audit   '@img/sharp-win32-ia32': [ '0.34.5' ],
16 silly audit   '@img/sharp-win32-x64': [ '0.34.5' ],
16 silly audit   '@jridgewell/gen-mapping': [ '0.3.13' ],
16 silly audit   '@jridgewell/remapping': [ '2.3.5' ],
16 silly audit   '@jridgewell/resolve-uri': [ '3.1.2' ],
16 silly audit   '@jridgewell/sourcemap-codec': [ '1.5.5' ],
16 silly audit   '@jridgewell/trace-mapping': [ '0.3.31' ],
16 silly audit   '@napi-rs/wasm-runtime': [ '0.2.12' ],
16 silly audit   '@next/env': [ '16.2.9' ],
16 silly audit   '@next/eslint-plugin-next': [ '16.2.1' ],
16 silly audit   '@next/swc-darwin-arm64': [ '16.2.9' ],
16 silly audit   '@next/swc-darwin-x64': [ '16.2.9' ],
16 silly audit   '@next/swc-linux-arm64-gnu': [ '16.2.9' ],
16 silly audit   '@next/swc-linux-arm64-musl': [ '16.2.9' ],
16 silly audit   '@next/swc-linux-x64-gnu': [ '16.2.9' ],
16 silly audit   '@next/swc-linux-x64-musl': [ '16.2.9' ],
16 silly audit   '@next/swc-win32-arm64-msvc': [ '16.2.9' ],
16 silly audit   '@next/swc-win32-x64-msvc': [ '16.2.9' ],
16 silly audit   '@nodelib/fs.scandir': [ '2.1.5' ],
16 silly audit   '@nodelib/fs.stat': [ '2.0.5' ],
16 silly audit   '@nodelib/fs.walk': [ '1.2.8' ],
16 silly audit   '@nolyfill/is-core-module': [ '1.0.39' ],
16 silly audit   '@react-leaflet/core': [ '3.0.0' ],
16 silly audit   '@rtsao/scc': [ '1.1.0' ],
16 silly audit   '@swc/helpers': [ '0.5.15' ],
16 silly audit   '@tailwindcss/forms': [ '0.5.11' ],
16 silly audit   '@tailwindcss/node': [ '4.2.2' ],
16 silly audit   tailwindcss: [ '4.2.2', '3.4.19' ],
16 silly audit   '@tailwindcss/oxide': [ '4.2.2' ],
16 silly audit   '@tailwindcss/oxide-android-arm64': [ '4.2.2' ],
16 silly audit   '@tailwindcss/oxide-darwin-arm64': [ '4.2.2' ],
16 silly audit   '@tailwindcss/oxide-darwin-x64': [ '4.2.2' ],
16 silly audit   '@tailwindcss/oxide-freebsd-x64': [ '4.2.2' ],
16 silly audit   '@tailwindcss/oxide-linux-arm-gnueabihf': [ '4.2.2' ],
16 silly audit   '@tailwindcss/oxide-linux-arm64-gnu': [ '4.2.2' ],
16 silly audit   '@tailwindcss/oxide-linux-arm64-musl': [ '4.2.2' ],
16 silly audit   '@tailwindcss/oxide-linux-x64-gnu': [ '4.2.2' ],
16 silly audit   '@tailwindcss/oxide-linux-x64-musl': [ '4.2.2' ],
16 silly audit   '@tailwindcss/oxide-wasm32-wasi': [ '4.2.2' ],
16 silly audit   '@tailwindcss/oxide-win32-arm64-msvc': [ '4.2.2' ],
16 silly audit   '@tailwindcss/oxide-win32-x64-msvc': [ '4.2.2' ],
16 silly audit   '@tailwindcss/postcss': [ '4.2.2' ],
16 silly audit   '@tybys/wasm-util': [ '0.10.1' ],
16 silly audit   '@types/estree': [ '1.0.8' ],
16 silly audit   '@types/geojson': [ '7946.0.16' ],
16 silly audit   '@types/json-schema': [ '7.0.15' ],
16 silly audit   '@types/json5': [ '0.0.29' ],
16 silly audit   '@types/leaflet': [ '1.9.21' ],
16 silly audit   '@types/node': [ '20.19.37' ],
16 silly audit   '@types/react': [ '19.2.14' ],
16 silly audit   '@types/react-dom': [ '19.2.3' ],
16 silly audit   '@typescript-eslint/eslint-plugin': [ '8.57.1' ],
16 silly audit   ignore: [ '7.0.5', '5.3.2' ],
16 silly audit   '@typescript-eslint/parser': [ '8.57.1' ],
16 silly audit   '@typescript-eslint/project-service': [ '8.57.1' ],
16 silly audit   '@typescript-eslint/scope-manager': [ '8.57.1' ],
16 silly audit   '@typescript-eslint/tsconfig-utils': [ '8.57.1' ],
16 silly audit   '@typescript-eslint/type-utils': [ '8.57.1' ],
16 silly audit   '@typescript-eslint/types': [ '8.57.1' ],
16 silly audit   '@typescript-eslint/typescript-estree': [ '8.57.1' ],
16 silly audit   'balanced-match': [ '4.0.4', '1.0.2' ],
16 silly audit   'brace-expansion': [ '5.0.5', '1.1.13' ],
16 silly audit   minimatch: [ '10.2.4', '3.1.5' ],
16 silly audit   '@typescript-eslint/utils': [ '8.57.1' ],
16 silly audit   '@typescript-eslint/visitor-keys': [ '8.57.1' ],
16 silly audit   '@unrs/resolver-binding-android-arm-eabi': [ '1.11.1' ],
16 silly audit   '@unrs/resolver-binding-android-arm64': [ '1.11.1' ],
16 silly audit   '@unrs/resolver-binding-darwin-arm64': [ '1.11.1' ],
16 silly audit   '@unrs/resolver-binding-darwin-x64': [ '1.11.1' ],
16 silly audit   '@unrs/resolver-binding-freebsd-x64': [ '1.11.1' ],
16 silly audit   '@unrs/resolver-binding-linux-arm-gnueabihf': [ '1.11.1' ],
16 silly audit   '@unrs/resolver-binding-linux-arm-musleabihf': [ '1.11.1' ],
16 silly audit   '@unrs/resolver-binding-linux-arm64-gnu': [ '1.11.1' ],
16 silly audit   '@unrs/resolver-binding-linux-arm64-musl': [ '1.11.1' ],
16 silly audit   '@unrs/resolver-binding-linux-ppc64-gnu': [ '1.11.1' ],
16 silly audit   '@unrs/resolver-binding-linux-riscv64-gnu': [ '1.11.1' ],
16 silly audit   '@unrs/resolver-binding-linux-riscv64-musl': [ '1.11.1' ],
16 silly audit   '@unrs/resolver-binding-linux-s390x-gnu': [ '1.11.1' ],
16 silly audit   '@unrs/resolver-binding-linux-x64-gnu': [ '1.11.1' ],
16 silly audit   '@unrs/resolver-binding-linux-x64-musl': [ '1.11.1' ],
16 silly audit   '@unrs/resolver-binding-wasm32-wasi': [ '1.11.1' ],
16 silly audit   '@unrs/resolver-binding-win32-arm64-msvc': [ '1.11.1' ],
16 silly audit   '@unrs/resolver-binding-win32-ia32-msvc': [ '1.11.1' ],
16 silly audit   '@unrs/resolver-binding-win32-x64-msvc': [ '1.11.1' ],
16 silly audit   '@xmldom/xmldom': [ '0.8.12' ],
16 silly audit   acorn: [ '8.16.0' ],
16 silly audit   'acorn-jsx': [ '5.3.2' ],
16 silly audit   ajv: [ '6.14.0' ],
16 silly audit   'ansi-styles': [ '4.3.0' ],
16 silly audit   'any-promise': [ '1.3.0' ],
16 silly audit   anymatch: [ '3.1.3' ],
16 silly audit   arg: [ '5.0.2' ],
16 silly audit   argparse: [ '2.0.1' ],
16 silly audit   'aria-query': [ '5.3.2' ],
16 silly audit   'array-buffer-byte-length': [ '1.0.2' ],
16 silly audit   'array-includes': [ '3.1.9' ],
16 silly audit   'array.prototype.findlast': [ '1.2.5' ],
16 silly audit   'array.prototype.findlastindex': [ '1.2.6' ],
16 silly audit   'array.prototype.flat': [ '1.3.3' ],
16 silly audit   'array.prototype.flatmap': [ '1.3.3' ],
16 silly audit   'array.prototype.tosorted': [ '1.1.4' ],
16 silly audit   'arraybuffer.prototype.slice': [ '1.0.4' ],
16 silly audit   'ast-types-flow': [ '0.0.8' ],
16 silly audit   'async-function': [ '1.0.0' ],
16 silly audit   autoprefixer: [ '10.4.27' ],
16 silly audit   'available-typed-arrays': [ '1.0.7' ],
16 silly audit   'axe-core': [ '4.11.1' ],
16 silly audit   'axobject-query': [ '4.1.0' ],
16 silly audit   'baseline-browser-mapping': [ '2.10.9' ],
16 silly audit   'binary-extensions': [ '2.3.0' ],
16 silly audit   braces: [ '3.0.3' ],
16 silly audit   browserslist: [ '4.28.1' ],
16 silly audit   'call-bind': [ '1.0.8' ],
16 silly audit   'call-bind-apply-helpers': [ '1.0.2' ],
16 silly audit   'call-bound': [ '1.0.4' ],
16 silly audit   callsites: [ '3.1.0' ],
16 silly audit   'camelcase-css': [ '2.0.1' ],
16 silly audit   'caniuse-lite': [ '1.0.30001780' ],
16 silly audit   chalk: [ '4.1.2' ],
16 silly audit   chokidar: [ '3.6.0' ],
16 silly audit   'glob-parent': [ '5.1.2', '6.0.2' ],
16 silly audit   'client-only': [ '0.0.1' ],
16 silly audit   'color-convert': [ '2.0.1' ],
16 silly audit   'color-name': [ '1.1.4' ],
16 silly audit   commander: [ '4.1.1' ],
16 silly audit   'concat-map': [ '0.0.1' ],
16 silly audit   'convert-source-map': [ '2.0.0' ],
16 silly audit   'cross-spawn': [ '7.0.6' ],
16 silly audit   cssesc: [ '3.0.0' ],
16 silly audit   csstype: [ '3.2.3' ],
16 silly audit   'damerau-levenshtein': [ '1.0.8' ],
16 silly audit   'data-view-buffer': [ '1.0.2' ],
16 silly audit   'data-view-byte-length': [ '1.0.2' ],
16 silly audit   'data-view-byte-offset': [ '1.0.1' ],
16 silly audit   debug: [ '4.4.3', '3.2.7' ],
16 silly audit   'deep-is': [ '0.1.4' ],
16 silly audit   'define-data-property': [ '1.1.4' ],
16 silly audit   'define-properties': [ '1.2.1' ],
16 silly audit   'detect-libc': [ '2.1.2' ],
16 silly audit   didyoumean: [ '1.2.2' ],
16 silly audit   dlv: [ '1.1.3' ],
16 silly audit   doctrine: [ '2.1.0' ],
16 silly audit   'dunder-proto': [ '1.0.1' ],
16 silly audit   'electron-to-chromium': [ '1.5.321' ],
16 silly audit   'emoji-regex': [ '9.2.2' ],
16 silly audit   'enhanced-resolve': [ '5.20.1' ],
16 silly audit   'es-abstract': [ '1.24.1' ],
16 silly audit   'es-define-property': [ '1.0.1' ],
16 silly audit   'es-errors': [ '1.3.0' ],
16 silly audit   'es-iterator-helpers': [ '1.3.1' ],
16 silly audit   'es-object-atoms': [ '1.1.1' ],
16 silly audit   'es-set-tostringtag': [ '2.1.0' ],
16 silly audit   'es-shim-unscopables': [ '1.1.0' ],
16 silly audit   'es-to-primitive': [ '1.3.0' ],
16 silly audit   escalade: [ '3.2.0' ],
16 silly audit   'escape-string-regexp': [ '4.0.0' ],
16 silly audit   eslint: [ '9.39.4' ],
16 silly audit   'eslint-config-next': [ '16.2.1' ],
16 silly audit   globals: [ '16.4.0', '14.0.0' ],
16 silly audit   'eslint-import-resolver-node': [ '0.3.9' ],
16 silly audit   'eslint-import-resolver-typescript': [ '3.10.1' ],
16 silly audit   'eslint-module-utils': [ '2.12.1' ],
16 silly audit   'eslint-plugin-import': [ '2.32.0' ],
16 silly audit   'eslint-plugin-jsx-a11y': [ '6.10.2' ],
16 silly audit   'eslint-plugin-react': [ '7.37.5' ],
16 silly audit   'eslint-plugin-react-hooks': [ '7.0.1' ],
16 silly audit   resolve: [ '2.0.0-next.6', '1.22.11' ],
16 silly audit   'eslint-scope': [ '8.4.0' ],
16 silly audit   espree: [ '10.4.0' ],
16 silly audit   esquery: [ '1.7.0' ],
16 silly audit   esrecurse: [ '4.3.0' ],
16 silly audit   estraverse: [ '5.3.0' ],
16 silly audit   esutils: [ '2.0.3' ],
16 silly audit   'fast-deep-equal': [ '3.1.3' ],
16 silly audit   'fast-glob': [ '3.3.1', '3.3.3' ],
16 silly audit   'fast-json-stable-stringify': [ '2.1.0' ],
16 silly audit   'fast-levenshtein': [ '2.0.6' ],
16 silly audit   fastq: [ '1.20.1' ],
16 silly audit   'file-entry-cache': [ '8.0.0' ],
16 silly audit   'fill-range': [ '7.1.1' ],
16 silly audit   'find-up': [ '5.0.0' ],
16 silly audit   'flat-cache': [ '4.0.1' ],
16 silly audit   flatted: [ '3.4.2' ],
16 silly audit   'for-each': [ '0.3.5' ],
16 silly audit   'fraction.js': [ '5.3.4' ],
16 silly audit   fsevents: [ '2.3.3' ],
16 silly audit   'function-bind': [ '1.1.2' ],
16 silly audit   'function.prototype.name': [ '1.1.8' ],
16 silly audit   'functions-have-names': [ '1.2.3' ],
16 silly audit   'generator-function': [ '2.0.1' ],
16 silly audit   gensync: [ '1.0.0-beta.2' ],
16 silly audit   'get-intrinsic': [ '1.3.0' ],
16 silly audit   'get-proto': [ '1.0.1' ],
16 silly audit   'get-symbol-description': [ '1.1.0' ],
16 silly audit   'get-tsconfig': [ '4.13.6' ],
16 silly audit   globalthis: [ '1.0.4' ],
16 silly audit   gopd: [ '1.2.0' ],
16 silly audit   'graceful-fs': [ '4.2.11' ],
16 silly audit   'has-bigints': [ '1.1.0' ],
16 silly audit   'has-flag': [ '4.0.0' ],
16 silly audit   'has-property-descriptors': [ '1.0.2' ],
16 silly audit   'has-proto': [ '1.2.0' ],
16 silly audit   'has-symbols': [ '1.1.0' ],
16 silly audit   'has-tostringtag': [ '1.0.2' ],
16 silly audit   hasown: [ '2.0.2' ],
16 silly audit   'hermes-estree': [ '0.25.1' ],
16 silly audit   'hermes-parser': [ '0.25.1' ],
16 silly audit   'import-fresh': [ '3.3.1' ],
16 silly audit   imurmurhash: [ '0.1.4' ],
16 silly audit   'internal-slot': [ '1.1.0' ],
16 silly audit   'is-array-buffer': [ '3.0.5' ],
16 silly audit   'is-async-function': [ '2.1.1' ],
16 silly audit   'is-bigint': [ '1.1.0' ],
16 silly audit   'is-binary-path': [ '2.1.0' ],
16 silly audit   'is-boolean-object': [ '1.2.2' ],
16 silly audit   'is-bun-module': [ '2.0.0' ],
16 silly audit   'is-callable': [ '1.2.7' ],
16 silly audit   'is-core-module': [ '2.16.1' ],
16 silly audit   'is-data-view': [ '1.0.2' ],
16 silly audit   'is-date-object': [ '1.1.0' ],
16 silly audit   'is-extglob': [ '2.1.1' ],
16 silly audit   'is-finalizationregistry': [ '1.1.1' ],
16 silly audit   'is-generator-function': [ '1.1.2' ],
16 silly audit   'is-glob': [ '4.0.3' ],
16 silly audit   'is-map': [ '2.0.3' ],
16 silly audit   'is-negative-zero': [ '2.0.3' ],
16 silly audit   'is-number': [ '7.0.0' ],
16 silly audit   'is-number-object': [ '1.1.1' ],
16 silly audit   'is-regex': [ '1.2.1' ],
16 silly audit   'is-set': [ '2.0.3' ],
16 silly audit   'is-shared-array-buffer': [ '1.0.4' ],
16 silly audit   'is-string': [ '1.1.1' ],
16 silly audit   'is-symbol': [ '1.1.1' ],
16 silly audit   'is-typed-array': [ '1.1.15' ],
16 silly audit   'is-weakmap': [ '2.0.2' ],
16 silly audit   'is-weakref': [ '1.1.1' ],
16 silly audit   'is-weakset': [ '2.0.4' ],
16 silly audit   isarray: [ '2.0.5' ],
16 silly audit   isexe: [ '2.0.0' ],
16 silly audit   'iterator.prototype': [ '1.1.5' ],
16 silly audit   jiti: [ '2.6.1', '1.21.7' ],
16 silly audit   'js-tokens': [ '4.0.0' ],
16 silly audit   'js-yaml': [ '4.1.1' ],
16 silly audit   jsesc: [ '3.1.0' ],
16 silly audit   'json-buffer': [ '3.0.1' ],
16 silly audit   'json-schema-traverse': [ '0.4.1' ],
16 silly audit   'json-stable-stringify-without-jsonify': [ '1.0.1' ],
16 silly audit   'jsx-ast-utils': [ '3.3.5' ],
16 silly audit   keyv: [ '4.5.4' ],
16 silly audit   'language-subtag-registry': [ '0.3.23' ],
16 silly audit   'language-tags': [ '1.0.9' ],
16 silly audit   leaflet: [ '1.9.4' ],
16 silly audit   levn: [ '0.4.1' ],
16 silly audit   lightningcss: [ '1.32.0' ],
16 silly audit   'lightningcss-android-arm64': [ '1.32.0' ],
16 silly audit   'lightningcss-darwin-arm64': [ '1.32.0' ],
16 silly audit   'lightningcss-darwin-x64': [ '1.32.0' ],
16 silly audit   'lightningcss-freebsd-x64': [ '1.32.0' ],
16 silly audit   'lightningcss-linux-arm-gnueabihf': [ '1.32.0' ],
16 silly audit   'lightningcss-linux-arm64-gnu': [ '1.32.0' ],
16 silly audit   'lightningcss-linux-arm64-musl': [ '1.32.0' ],
16 silly audit   'lightningcss-linux-x64-gnu': [ '1.32.0' ],
16 silly audit   'lightningcss-linux-x64-musl': [ '1.32.0' ],
16 silly audit   'lightningcss-win32-arm64-msvc': [ '1.32.0' ],
16 silly audit   'lightningcss-win32-x64-msvc': [ '1.32.0' ],
16 silly audit   lilconfig: [ '3.1.3' ],
16 silly audit   'lines-and-columns': [ '1.2.4' ],
16 silly audit   'locate-path': [ '6.0.0' ],
16 silly audit   'lodash.merge': [ '4.6.2' ],
16 silly audit   'loose-envify': [ '1.4.0' ],
16 silly audit   'lru-cache': [ '5.1.1' ],
16 silly audit   'magic-string': [ '0.30.21' ],
16 silly audit   'math-intrinsics': [ '1.1.0' ],
16 silly audit   merge2: [ '1.4.1' ],
16 silly audit   micromatch: [ '4.0.8' ],
16 silly audit   'mini-svg-data-uri': [ '1.4.4' ],
16 silly audit   minimist: [ '1.2.8' ],
16 silly audit   ms: [ '2.1.3' ],
16 silly audit   mz: [ '2.7.0' ],
16 silly audit   nanoid: [ '3.3.11' ],
16 silly audit   'napi-postinstall': [ '0.3.4' ],
16 silly audit   'natural-compare': [ '1.4.0' ],
16 silly audit   next: [ '16.2.9' ],
16 silly audit   postcss: [ '8.4.31', '8.5.8' ],
16 silly audit   'node-exports-info': [ '1.6.0' ],
16 silly audit   'node-releases': [ '2.0.36' ],
16 silly audit   'normalize-path': [ '3.0.0' ],
16 silly audit   'object-assign': [ '4.1.1' ],
16 silly audit   'object-hash': [ '3.0.0' ],
16 silly audit   'object-inspect': [ '1.13.4' ],
16 silly audit   'object-keys': [ '1.1.1' ],
16 silly audit   'object.assign': [ '4.1.7' ],
16 silly audit   'object.entries': [ '1.1.9' ],
16 silly audit   'object.fromentries': [ '2.0.8' ],
16 silly audit   'object.groupby': [ '1.0.3' ],
16 silly audit   'object.values': [ '1.2.1' ],
16 silly audit   optionator: [ '0.9.4' ],
16 silly audit   'own-keys': [ '1.0.1' ],
16 silly audit   'p-limit': [ '3.1.0' ],
16 silly audit   'p-locate': [ '5.0.0' ],
16 silly audit   'parent-module': [ '1.0.1' ],
16 silly audit   'path-exists': [ '4.0.0' ],
16 silly audit   'path-key': [ '3.1.1' ],
16 silly audit   'path-parse': [ '1.0.7' ],
16 silly audit   picocolors: [ '1.1.1' ],
16 silly audit   picomatch: [ '2.3.2', '4.0.4' ],
16 silly audit   pify: [ '2.3.0' ],
16 silly audit   pirates: [ '4.0.7' ],
16 silly audit   'possible-typed-array-names': [ '1.1.0' ],
16 silly audit   'postcss-import': [ '15.1.0' ],
16 silly audit   'postcss-js': [ '4.1.0' ],
16 silly audit   'postcss-load-config': [ '6.0.1' ],
16 silly audit   'postcss-nested': [ '6.2.0' ],
16 silly audit   'postcss-selector-parser': [ '6.1.2' ],
16 silly audit   'postcss-value-parser': [ '4.2.0' ],
16 silly audit   'prelude-ls': [ '1.2.1' ],
16 silly audit   'prop-types': [ '15.8.1' ],
16 silly audit   punycode: [ '2.3.1' ],
16 silly audit   'queue-microtask': [ '1.2.3' ],
16 silly audit   react: [ '19.2.4' ],
16 silly audit   'react-dom': [ '19.2.4' ],
16 silly audit   'react-is': [ '16.13.1' ],
16 silly audit   'react-leaflet': [ '5.0.0' ],
16 silly audit   'read-cache': [ '1.0.0' ],
16 silly audit   readdirp: [ '3.6.0' ],
16 silly audit   'reflect.getprototypeof': [ '1.0.10' ],
16 silly audit   'regexp.prototype.flags': [ '1.5.4' ],
16 silly audit   'resolve-from': [ '4.0.0' ],
16 silly audit   'resolve-pkg-maps': [ '1.0.0' ],
16 silly audit   reusify: [ '1.1.0' ],
16 silly audit   'run-parallel': [ '1.2.0' ],
16 silly audit   'safe-array-concat': [ '1.1.3' ],
16 silly audit   'safe-push-apply': [ '1.0.0' ],
16 silly audit   'safe-regex-test': [ '1.1.0' ],
16 silly audit   scheduler: [ '0.27.0' ],
16 silly audit   'set-function-length': [ '1.2.2' ],
16 silly audit   'set-function-name': [ '2.0.2' ],
16 silly audit   'set-proto': [ '1.0.0' ],
16 silly audit   sharp: [ '0.34.5' ],
16 silly audit   'shebang-command': [ '2.0.0' ],
16 silly audit   'shebang-regex': [ '3.0.0' ],
16 silly audit   'side-channel': [ '1.1.0' ],
16 silly audit   'side-channel-list': [ '1.0.0' ],
16 silly audit   'side-channel-map': [ '1.0.1' ],
16 silly audit   'side-channel-weakmap': [ '1.0.2' ],
16 silly audit   'source-map-js': [ '1.2.1' ],
16 silly audit   'stable-hash': [ '0.0.5' ],
16 silly audit   'stop-iteration-iterator': [ '1.1.0' ],
16 silly audit   'string.prototype.includes': [ '2.0.1' ],
16 silly audit   'string.prototype.matchall': [ '4.0.12' ],
16 silly audit   'string.prototype.repeat': [ '1.0.0' ],
16 silly audit   'string.prototype.trim': [ '1.2.10' ],
16 silly audit   'string.prototype.trimend': [ '1.0.9' ],
16 silly audit   'string.prototype.trimstart': [ '1.0.8' ],
16 silly audit   'strip-bom': [ '3.0.0' ],
16 silly audit   'strip-json-comments': [ '3.1.1' ],
16 silly audit   'styled-jsx': [ '5.1.6' ],
16 silly audit   sucrase: [ '3.35.1' ],
16 silly audit   'supports-color': [ '7.2.0' ],
16 silly audit   'supports-preserve-symlinks-flag': [ '1.0.0' ],
16 silly audit   tapable: [ '2.3.0' ],
16 silly audit   thenify: [ '3.3.1' ],
16 silly audit   'thenify-all': [ '1.6.0' ],
16 silly audit   tinyglobby: [ '0.2.15' ],
16 silly audit   fdir: [ '6.5.0' ],
16 silly audit   'to-regex-range': [ '5.0.1' ],
16 silly audit   'ts-api-utils': [ '2.5.0' ],
16 silly audit   'ts-interface-checker': [ '0.1.13' ],
16 silly audit   'tsconfig-paths': [ '3.15.0' ],
16 silly audit   tslib: [ '2.8.1' ],
16 silly audit   'type-check': [ '0.4.0' ],
16 silly audit   'typed-array-buffer': [ '1.0.3' ],
16 silly audit   'typed-array-byte-length': [ '1.0.3' ],
16 silly audit   'typed-array-byte-offset': [ '1.0.4' ],
16 silly audit   'typed-array-length': [ '1.0.7' ],
16 silly audit   typescript: [ '5.9.3' ],
16 silly audit   'typescript-eslint': [ '8.57.1' ],
16 silly audit   'unbox-primitive': [ '1.1.0' ],
16 silly audit   'undici-types': [ '6.21.0' ],
16 silly audit   'unrs-resolver': [ '1.11.1' ],
16 silly audit   'update-browserslist-db': [ '1.2.3' ],
16 silly audit   'uri-js': [ '4.4.1' ],
16 silly audit   'util-deprecate': [ '1.0.2' ],
16 silly audit   which: [ '2.0.2' ],
16 silly audit   'which-boxed-primitive': [ '1.1.1' ],
16 silly audit   'which-builtin-type': [ '1.2.1' ],
16 silly audit   'which-collection': [ '1.0.2' ],
16 silly audit   'which-typed-array': [ '1.1.20' ],
16 silly audit   'word-wrap': [ '1.2.5' ],
16 silly audit   yallist: [ '3.1.1' ],
16 silly audit   'yocto-queue': [ '0.1.0' ],
16 silly audit   zod: [ '4.3.6' ],
16 silly audit   'zod-validation-error': [ '4.0.2' ]
16 silly audit }
17 http cache zod-validation-error@https://registry.npmjs.org/zod-validation-error/-/zod-validation-error-4.0.2.tgz 2ms (cache hit)
18 http cache zod@https://registry.npmjs.org/zod/-/zod-4.3.6.tgz 0ms (cache hit)
19 http cache yallist@https://registry.npmjs.org/yallist/-/yallist-3.1.1.tgz 0ms (cache hit)
20 http cache yocto-queue@https://registry.npmjs.org/yocto-queue/-/yocto-queue-0.1.0.tgz 0ms (cache hit)
21 http cache which-typed-array@https://registry.npmjs.org/which-typed-array/-/which-typed-array-1.1.20.tgz 0ms (cache hit)
22 http cache which-collection@https://registry.npmjs.org/which-collection/-/which-collection-1.0.2.tgz 0ms (cache hit)
23 http cache which-builtin-type@https://registry.npmjs.org/which-builtin-type/-/which-builtin-type-1.2.1.tgz 0ms (cache hit)
24 http cache which-boxed-primitive@https://registry.npmjs.org/which-boxed-primitive/-/which-boxed-primitive-1.1.1.tgz 1ms (cache hit)
25 http cache util-deprecate@https://registry.npmjs.org/util-deprecate/-/util-deprecate-1.0.2.tgz 1ms (cache hit)
26 http cache uri-js@https://registry.npmjs.org/uri-js/-/uri-js-4.4.1.tgz 0ms (cache hit)
27 http cache update-browserslist-db@https://registry.npmjs.org/update-browserslist-db/-/update-browserslist-db-1.2.3.tgz 0ms (cache hit)
28 http cache unrs-resolver@https://registry.npmjs.org/unrs-resolver/-/unrs-resolver-1.11.1.tgz 1ms (cache hit)
29 http cache undici-types@https://registry.npmjs.org/undici-types/-/undici-types-6.21.0.tgz 0ms (cache hit)
30 http cache unbox-primitive@https://registry.npmjs.org/unbox-primitive/-/unbox-primitive-1.1.0.tgz 0ms (cache hit)
31 http cache typescript-eslint@https://registry.npmjs.org/typescript-eslint/-/typescript-eslint-8.57.1.tgz 0ms (cache hit)
32 http cache typescript@https://registry.npmjs.org/typescript/-/typescript-5.9.3.tgz 0ms (cache hit)
33 http cache which@https://registry.npmjs.org/which/-/which-2.0.2.tgz 0ms (cache hit)
34 http cache typed-array-length@https://registry.npmjs.org/typed-array-length/-/typed-array-length-1.0.7.tgz 0ms (cache hit)
35 http cache typed-array-byte-offset@https://registry.npmjs.org/typed-array-byte-offset/-/typed-array-byte-offset-1.0.4.tgz 0ms (cache hit)
36 http cache typed-array-byte-length@https://registry.npmjs.org/typed-array-byte-length/-/typed-array-byte-length-1.0.3.tgz 0ms (cache hit)
37 http cache typed-array-buffer@https://registry.npmjs.org/typed-array-buffer/-/typed-array-buffer-1.0.3.tgz 0ms (cache hit)
38 http cache type-check@https://registry.npmjs.org/type-check/-/type-check-0.4.0.tgz 0ms (cache hit)
39 http cache tslib@https://registry.npmjs.org/tslib/-/tslib-2.8.1.tgz 0ms (cache hit)
40 http cache tsconfig-paths@https://registry.npmjs.org/tsconfig-paths/-/tsconfig-paths-3.15.0.tgz 0ms (cache hit)
41 http cache ts-interface-checker@https://registry.npmjs.org/ts-interface-checker/-/ts-interface-checker-0.1.13.tgz 0ms (cache hit)
42 http cache ts-api-utils@https://registry.npmjs.org/ts-api-utils/-/ts-api-utils-2.5.0.tgz 0ms (cache hit)
43 http cache to-regex-range@https://registry.npmjs.org/to-regex-range/-/to-regex-range-5.0.1.tgz 0ms (cache hit)
44 http cache tinyglobby@https://registry.npmjs.org/tinyglobby/-/tinyglobby-0.2.15.tgz 1ms (cache hit)
45 http cache thenify-all@https://registry.npmjs.org/thenify-all/-/thenify-all-1.6.0.tgz 0ms (cache hit)
46 http cache thenify@https://registry.npmjs.org/thenify/-/thenify-3.3.1.tgz 0ms (cache hit)
47 http cache tapable@https://registry.npmjs.org/tapable/-/tapable-2.3.0.tgz 0ms (cache hit)
48 http cache tailwindcss@https://registry.npmjs.org/tailwindcss/-/tailwindcss-3.4.19.tgz 0ms (cache hit)
49 http cache supports-preserve-symlinks-flag@https://registry.npmjs.org/supports-preserve-symlinks-flag/-/supports-preserve-symlinks-flag-1.0.0.tgz 0ms (cache hit)
50 http cache supports-color@https://registry.npmjs.org/supports-color/-/supports-color-7.2.0.tgz 0ms (cache hit)
51 http cache sucrase@https://registry.npmjs.org/sucrase/-/sucrase-3.35.1.tgz 0ms (cache hit)
52 http cache styled-jsx@https://registry.npmjs.org/styled-jsx/-/styled-jsx-5.1.6.tgz 0ms (cache hit)
53 http cache strip-json-comments@https://registry.npmjs.org/strip-json-comments/-/strip-json-comments-3.1.1.tgz 0ms (cache hit)
54 http cache strip-bom@https://registry.npmjs.org/strip-bom/-/strip-bom-3.0.0.tgz 1ms (cache hit)
55 http cache string.prototype.trimstart@https://registry.npmjs.org/string.prototype.trimstart/-/string.prototype.trimstart-1.0.8.tgz 0ms (cache hit)
56 http cache string.prototype.trimend@https://registry.npmjs.org/string.prototype.trimend/-/string.prototype.trimend-1.0.9.tgz 0ms (cache hit)
57 http cache string.prototype.trim@https://registry.npmjs.org/string.prototype.trim/-/string.prototype.trim-1.2.10.tgz 0ms (cache hit)
58 http cache string.prototype.repeat@https://registry.npmjs.org/string.prototype.repeat/-/string.prototype.repeat-1.0.0.tgz 0ms (cache hit)
59 http cache string.prototype.matchall@https://registry.npmjs.org/string.prototype.matchall/-/string.prototype.matchall-4.0.12.tgz 0ms (cache hit)
60 http cache string.prototype.includes@https://registry.npmjs.org/string.prototype.includes/-/string.prototype.includes-2.0.1.tgz 0ms (cache hit)
61 http cache stop-iteration-iterator@https://registry.npmjs.org/stop-iteration-iterator/-/stop-iteration-iterator-1.1.0.tgz 0ms (cache hit)
62 http cache source-map-js@https://registry.npmjs.org/source-map-js/-/source-map-js-1.2.1.tgz 0ms (cache hit)
63 http cache side-channel-weakmap@https://registry.npmjs.org/side-channel-weakmap/-/side-channel-weakmap-1.0.2.tgz 0ms (cache hit)
64 http cache side-channel-map@https://registry.npmjs.org/side-channel-map/-/side-channel-map-1.0.1.tgz 0ms (cache hit)
65 http cache stable-hash@https://registry.npmjs.org/stable-hash/-/stable-hash-0.0.5.tgz 0ms (cache hit)
66 http cache side-channel@https://registry.npmjs.org/side-channel/-/side-channel-1.1.0.tgz 0ms (cache hit)
67 http cache side-channel-list@https://registry.npmjs.org/side-channel-list/-/side-channel-list-1.0.0.tgz 0ms (cache hit)
68 http cache shebang-regex@https://registry.npmjs.org/shebang-regex/-/shebang-regex-3.0.0.tgz 0ms (cache hit)
69 http cache shebang-command@https://registry.npmjs.org/shebang-command/-/shebang-command-2.0.0.tgz 0ms (cache hit)
70 http cache set-proto@https://registry.npmjs.org/set-proto/-/set-proto-1.0.0.tgz 0ms (cache hit)
71 http cache sharp@https://registry.npmjs.org/sharp/-/sharp-0.34.5.tgz 0ms (cache hit)
72 http cache set-function-name@https://registry.npmjs.org/set-function-name/-/set-function-name-2.0.2.tgz 0ms (cache hit)
73 http cache set-function-length@https://registry.npmjs.org/set-function-length/-/set-function-length-1.2.2.tgz 0ms (cache hit)
74 http cache semver@https://registry.npmjs.org/semver/-/semver-7.7.4.tgz 0ms (cache hit)
75 http cache scheduler@https://registry.npmjs.org/scheduler/-/scheduler-0.27.0.tgz 1ms (cache hit)
76 http cache safe-regex-test@https://registry.npmjs.org/safe-regex-test/-/safe-regex-test-1.1.0.tgz 0ms (cache hit)
77 http cache safe-push-apply@https://registry.npmjs.org/safe-push-apply/-/safe-push-apply-1.0.0.tgz 0ms (cache hit)
78 http cache safe-array-concat@https://registry.npmjs.org/safe-array-concat/-/safe-array-concat-1.1.3.tgz 0ms (cache hit)
79 http cache run-parallel@https://registry.npmjs.org/run-parallel/-/run-parallel-1.2.0.tgz 0ms (cache hit)
80 http cache resolve-pkg-maps@https://registry.npmjs.org/resolve-pkg-maps/-/resolve-pkg-maps-1.0.0.tgz 0ms (cache hit)
81 http cache reusify@https://registry.npmjs.org/reusify/-/reusify-1.1.0.tgz 0ms (cache hit)
82 http cache resolve-from@https://registry.npmjs.org/resolve-from/-/resolve-from-4.0.0.tgz 0ms (cache hit)
83 http cache resolve@https://registry.npmjs.org/resolve/-/resolve-1.22.11.tgz 0ms (cache hit)
84 http cache reflect.getprototypeof@https://registry.npmjs.org/reflect.getprototypeof/-/reflect.getprototypeof-1.0.10.tgz 0ms (cache hit)
85 http cache regexp.prototype.flags@https://registry.npmjs.org/regexp.prototype.flags/-/regexp.prototype.flags-1.5.4.tgz 1ms (cache hit)
86 http cache readdirp@https://registry.npmjs.org/readdirp/-/readdirp-3.6.0.tgz 0ms (cache hit)
87 http cache read-cache@https://registry.npmjs.org/read-cache/-/read-cache-1.0.0.tgz 0ms (cache hit)
88 http cache react-leaflet@https://registry.npmjs.org/react-leaflet/-/react-leaflet-5.0.0.tgz 0ms (cache hit)
89 http cache react-dom@https://registry.npmjs.org/react-dom/-/react-dom-19.2.4.tgz 0ms (cache hit)
90 http cache react@https://registry.npmjs.org/react/-/react-19.2.4.tgz 0ms (cache hit)
91 http cache react-is@https://registry.npmjs.org/react-is/-/react-is-16.13.1.tgz 1ms (cache hit)
92 http cache queue-microtask@https://registry.npmjs.org/queue-microtask/-/queue-microtask-1.2.3.tgz 0ms (cache hit)
93 http cache punycode@https://registry.npmjs.org/punycode/-/punycode-2.3.1.tgz 0ms (cache hit)
94 http cache prop-types@https://registry.npmjs.org/prop-types/-/prop-types-15.8.1.tgz 0ms (cache hit)
95 http cache prelude-ls@https://registry.npmjs.org/prelude-ls/-/prelude-ls-1.2.1.tgz 0ms (cache hit)
96 http cache postcss-value-parser@https://registry.npmjs.org/postcss-value-parser/-/postcss-value-parser-4.2.0.tgz 0ms (cache hit)
97 http cache postcss-selector-parser@https://registry.npmjs.org/postcss-selector-parser/-/postcss-selector-parser-6.1.2.tgz 0ms (cache hit)
98 http cache postcss-nested@https://registry.npmjs.org/postcss-nested/-/postcss-nested-6.2.0.tgz 0ms (cache hit)
99 http cache postcss-load-config@https://registry.npmjs.org/postcss-load-config/-/postcss-load-config-6.0.1.tgz 0ms (cache hit)
100 http cache postcss-js@https://registry.npmjs.org/postcss-js/-/postcss-js-4.1.0.tgz 0ms (cache hit)
101 http cache postcss-import@https://registry.npmjs.org/postcss-import/-/postcss-import-15.1.0.tgz 0ms (cache hit)
102 http cache postcss@https://registry.npmjs.org/postcss/-/postcss-8.5.8.tgz 0ms (cache hit)
103 http cache possible-typed-array-names@https://registry.npmjs.org/possible-typed-array-names/-/possible-typed-array-names-1.1.0.tgz 0ms (cache hit)
104 http cache pirates@https://registry.npmjs.org/pirates/-/pirates-4.0.7.tgz 0ms (cache hit)
105 http cache pify@https://registry.npmjs.org/pify/-/pify-2.3.0.tgz 0ms (cache hit)
106 http cache picomatch@https://registry.npmjs.org/picomatch/-/picomatch-2.3.2.tgz 0ms (cache hit)
107 http cache picocolors@https://registry.npmjs.org/picocolors/-/picocolors-1.1.1.tgz 0ms (cache hit)
108 http cache path-parse@https://registry.npmjs.org/path-parse/-/path-parse-1.0.7.tgz 0ms (cache hit)
109 http cache path-exists@https://registry.npmjs.org/path-exists/-/path-exists-4.0.0.tgz 0ms (cache hit)
110 http cache parent-module@https://registry.npmjs.org/parent-module/-/parent-module-1.0.1.tgz 0ms (cache hit)
111 http cache p-locate@https://registry.npmjs.org/p-locate/-/p-locate-5.0.0.tgz 0ms (cache hit)
112 http cache path-key@https://registry.npmjs.org/path-key/-/path-key-3.1.1.tgz 0ms (cache hit)
113 http cache p-limit@https://registry.npmjs.org/p-limit/-/p-limit-3.1.0.tgz 0ms (cache hit)
114 http cache own-keys@https://registry.npmjs.org/own-keys/-/own-keys-1.0.1.tgz 0ms (cache hit)
115 http cache optionator@https://registry.npmjs.org/optionator/-/optionator-0.9.4.tgz 0ms (cache hit)
116 http cache object.values@https://registry.npmjs.org/object.values/-/object.values-1.2.1.tgz 0ms (cache hit)
117 http cache object.groupby@https://registry.npmjs.org/object.groupby/-/object.groupby-1.0.3.tgz 0ms (cache hit)
118 http cache object.fromentries@https://registry.npmjs.org/object.fromentries/-/object.fromentries-2.0.8.tgz 0ms (cache hit)
119 http cache object.entries@https://registry.npmjs.org/object.entries/-/object.entries-1.1.9.tgz 1ms (cache hit)
120 http cache object.assign@https://registry.npmjs.org/object.assign/-/object.assign-4.1.7.tgz 0ms (cache hit)
121 http cache object-inspect@https://registry.npmjs.org/object-inspect/-/object-inspect-1.13.4.tgz 0ms (cache hit)
122 http cache object-assign@https://registry.npmjs.org/object-assign/-/object-assign-4.1.1.tgz 0ms (cache hit)
123 http cache normalize-path@https://registry.npmjs.org/normalize-path/-/normalize-path-3.0.0.tgz 0ms (cache hit)
124 http cache object-keys@https://registry.npmjs.org/object-keys/-/object-keys-1.1.1.tgz 0ms (cache hit)
125 http cache node-releases@https://registry.npmjs.org/node-releases/-/node-releases-2.0.36.tgz 0ms (cache hit)
126 http cache object-hash@https://registry.npmjs.org/object-hash/-/object-hash-3.0.0.tgz 0ms (cache hit)
127 http cache node-exports-info@https://registry.npmjs.org/node-exports-info/-/node-exports-info-1.6.0.tgz 0ms (cache hit)
128 http cache next@https://registry.npmjs.org/next/-/next-16.2.9.tgz 0ms (cache hit)
129 http cache natural-compare@https://registry.npmjs.org/natural-compare/-/natural-compare-1.4.0.tgz 0ms (cache hit)
130 http cache nanoid@https://registry.npmjs.org/nanoid/-/nanoid-3.3.11.tgz 0ms (cache hit)
131 http cache mz@https://registry.npmjs.org/mz/-/mz-2.7.0.tgz 0ms (cache hit)
132 http cache ms@https://registry.npmjs.org/ms/-/ms-2.1.3.tgz 0ms (cache hit)
133 http cache napi-postinstall@https://registry.npmjs.org/napi-postinstall/-/napi-postinstall-0.3.4.tgz 0ms (cache hit)
134 http cache minimist@https://registry.npmjs.org/minimist/-/minimist-1.2.8.tgz 1ms (cache hit)
135 http cache minimatch@https://registry.npmjs.org/minimatch/-/minimatch-3.1.5.tgz 0ms (cache hit)
136 http cache mini-svg-data-uri@https://registry.npmjs.org/mini-svg-data-uri/-/mini-svg-data-uri-1.4.4.tgz 0ms (cache hit)
137 http cache micromatch@https://registry.npmjs.org/micromatch/-/micromatch-4.0.8.tgz 0ms (cache hit)
138 http cache merge2@https://registry.npmjs.org/merge2/-/merge2-1.4.1.tgz 0ms (cache hit)
139 http cache math-intrinsics@https://registry.npmjs.org/math-intrinsics/-/math-intrinsics-1.1.0.tgz 0ms (cache hit)
140 http cache magic-string@https://registry.npmjs.org/magic-string/-/magic-string-0.30.21.tgz 0ms (cache hit)
141 http cache lru-cache@https://registry.npmjs.org/lru-cache/-/lru-cache-5.1.1.tgz 0ms (cache hit)
142 http cache lodash.merge@https://registry.npmjs.org/lodash.merge/-/lodash.merge-4.6.2.tgz 0ms (cache hit)
143 http cache loose-envify@https://registry.npmjs.org/loose-envify/-/loose-envify-1.4.0.tgz 0ms (cache hit)
144 http cache locate-path@https://registry.npmjs.org/locate-path/-/locate-path-6.0.0.tgz 0ms (cache hit)
145 http cache lines-and-columns@https://registry.npmjs.org/lines-and-columns/-/lines-and-columns-1.2.4.tgz 0ms (cache hit)
146 http cache lilconfig@https://registry.npmjs.org/lilconfig/-/lilconfig-3.1.3.tgz 0ms (cache hit)
147 http cache lightningcss-android-arm64@https://registry.npmjs.org/lightningcss-android-arm64/-/lightningcss-android-arm64-1.32.0.tgz 0ms (cache hit)
148 http cache lightningcss@https://registry.npmjs.org/lightningcss/-/lightningcss-1.32.0.tgz 0ms (cache hit)
149 http cache levn@https://registry.npmjs.org/levn/-/levn-0.4.1.tgz 0ms (cache hit)
150 http cache leaflet@https://registry.npmjs.org/leaflet/-/leaflet-1.9.4.tgz 0ms (cache hit)
151 http cache language-tags@https://registry.npmjs.org/language-tags/-/language-tags-1.0.9.tgz 0ms (cache hit)
152 http cache language-subtag-registry@https://registry.npmjs.org/language-subtag-registry/-/language-subtag-registry-0.3.23.tgz 0ms (cache hit)
153 http cache keyv@https://registry.npmjs.org/keyv/-/keyv-4.5.4.tgz 0ms (cache hit)
154 http cache jsx-ast-utils@https://registry.npmjs.org/jsx-ast-utils/-/jsx-ast-utils-3.3.5.tgz 0ms (cache hit)
155 http cache json5@https://registry.npmjs.org/json5/-/json5-1.0.2.tgz 0ms (cache hit)
156 http cache json-stable-stringify-without-jsonify@https://registry.npmjs.org/json-stable-stringify-without-jsonify/-/json-stable-stringify-without-jsonify-1.0.1.tgz 0ms (cache hit)
157 http cache json-schema-traverse@https://registry.npmjs.org/json-schema-traverse/-/json-schema-traverse-0.4.1.tgz 0ms (cache hit)
158 http cache json-buffer@https://registry.npmjs.org/json-buffer/-/json-buffer-3.0.1.tgz 0ms (cache hit)
159 http cache jsesc@https://registry.npmjs.org/jsesc/-/jsesc-3.1.0.tgz 0ms (cache hit)
160 http cache js-yaml@https://registry.npmjs.org/js-yaml/-/js-yaml-4.1.1.tgz 0ms (cache hit)
161 http cache js-tokens@https://registry.npmjs.org/js-tokens/-/js-tokens-4.0.0.tgz 1ms (cache hit)
162 http cache jiti@https://registry.npmjs.org/jiti/-/jiti-2.6.1.tgz 0ms (cache hit)
163 http cache iterator.prototype@https://registry.npmjs.org/iterator.prototype/-/iterator.prototype-1.1.5.tgz 0ms (cache hit)
164 http cache isexe@https://registry.npmjs.org/isexe/-/isexe-2.0.0.tgz 0ms (cache hit)
165 http cache isarray@https://registry.npmjs.org/isarray/-/isarray-2.0.5.tgz 0ms (cache hit)
166 http cache is-weakset@https://registry.npmjs.org/is-weakset/-/is-weakset-2.0.4.tgz 0ms (cache hit)
167 http cache is-weakref@https://registry.npmjs.org/is-weakref/-/is-weakref-1.1.1.tgz 0ms (cache hit)
168 http cache is-weakmap@https://registry.npmjs.org/is-weakmap/-/is-weakmap-2.0.2.tgz 0ms (cache hit)
169 http cache is-typed-array@https://registry.npmjs.org/is-typed-array/-/is-typed-array-1.1.15.tgz 1ms (cache hit)
170 http cache is-symbol@https://registry.npmjs.org/is-symbol/-/is-symbol-1.1.1.tgz 0ms (cache hit)
171 http cache is-string@https://registry.npmjs.org/is-string/-/is-string-1.1.1.tgz 0ms (cache hit)
172 http cache is-shared-array-buffer@https://registry.npmjs.org/is-shared-array-buffer/-/is-shared-array-buffer-1.0.4.tgz 0ms (cache hit)
173 http cache is-set@https://registry.npmjs.org/is-set/-/is-set-2.0.3.tgz 0ms (cache hit)
174 http cache is-regex@https://registry.npmjs.org/is-regex/-/is-regex-1.2.1.tgz 0ms (cache hit)
175 http cache is-number-object@https://registry.npmjs.org/is-number-object/-/is-number-object-1.1.1.tgz 0ms (cache hit)
176 http cache is-number@https://registry.npmjs.org/is-number/-/is-number-7.0.0.tgz 0ms (cache hit)
177 http cache is-negative-zero@https://registry.npmjs.org/is-negative-zero/-/is-negative-zero-2.0.3.tgz 0ms (cache hit)
178 http cache is-map@https://registry.npmjs.org/is-map/-/is-map-2.0.3.tgz 1ms (cache hit)
179 http cache is-glob@https://registry.npmjs.org/is-glob/-/is-glob-4.0.3.tgz 0ms (cache hit)
180 http cache is-generator-function@https://registry.npmjs.org/is-generator-function/-/is-generator-function-1.1.2.tgz 0ms (cache hit)
181 http cache is-finalizationregistry@https://registry.npmjs.org/is-finalizationregistry/-/is-finalizationregistry-1.1.1.tgz 0ms (cache hit)
182 http cache is-extglob@https://registry.npmjs.org/is-extglob/-/is-extglob-2.1.1.tgz 0ms (cache hit)
183 http cache is-date-object@https://registry.npmjs.org/is-date-object/-/is-date-object-1.1.0.tgz 0ms (cache hit)
184 http cache is-data-view@https://registry.npmjs.org/is-data-view/-/is-data-view-1.0.2.tgz 0ms (cache hit)
185 http cache is-core-module@https://registry.npmjs.org/is-core-module/-/is-core-module-2.16.1.tgz 0ms (cache hit)
186 http cache is-callable@https://registry.npmjs.org/is-callable/-/is-callable-1.2.7.tgz 0ms (cache hit)
187 http cache is-bun-module@https://registry.npmjs.org/is-bun-module/-/is-bun-module-2.0.0.tgz 0ms (cache hit)
188 http cache is-boolean-object@https://registry.npmjs.org/is-boolean-object/-/is-boolean-object-1.2.2.tgz 0ms (cache hit)
189 http cache is-binary-path@https://registry.npmjs.org/is-binary-path/-/is-binary-path-2.1.0.tgz 0ms (cache hit)
190 http cache is-bigint@https://registry.npmjs.org/is-bigint/-/is-bigint-1.1.0.tgz 0ms (cache hit)
191 http cache is-async-function@https://registry.npmjs.org/is-async-function/-/is-async-function-2.1.1.tgz 0ms (cache hit)
192 http cache is-array-buffer@https://registry.npmjs.org/is-array-buffer/-/is-array-buffer-3.0.5.tgz 0ms (cache hit)
193 http cache internal-slot@https://registry.npmjs.org/internal-slot/-/internal-slot-1.1.0.tgz 0ms (cache hit)
194 http cache imurmurhash@https://registry.npmjs.org/imurmurhash/-/imurmurhash-0.1.4.tgz 0ms (cache hit)
195 http cache import-fresh@https://registry.npmjs.org/import-fresh/-/import-fresh-3.3.1.tgz 0ms (cache hit)
196 http cache ignore@https://registry.npmjs.org/ignore/-/ignore-5.3.2.tgz 0ms (cache hit)
197 http cache hermes-parser@https://registry.npmjs.org/hermes-parser/-/hermes-parser-0.25.1.tgz 0ms (cache hit)
198 http cache hermes-estree@https://registry.npmjs.org/hermes-estree/-/hermes-estree-0.25.1.tgz 0ms (cache hit)
199 http cache hasown@https://registry.npmjs.org/hasown/-/hasown-2.0.2.tgz 1ms (cache hit)
200 http cache has-tostringtag@https://registry.npmjs.org/has-tostringtag/-/has-tostringtag-1.0.2.tgz 0ms (cache hit)
201 http cache has-symbols@https://registry.npmjs.org/has-symbols/-/has-symbols-1.1.0.tgz 0ms (cache hit)
202 http cache has-proto@https://registry.npmjs.org/has-proto/-/has-proto-1.2.0.tgz 0ms (cache hit)
203 http cache has-property-descriptors@https://registry.npmjs.org/has-property-descriptors/-/has-property-descriptors-1.0.2.tgz 0ms (cache hit)
204 http cache has-flag@https://registry.npmjs.org/has-flag/-/has-flag-4.0.0.tgz 0ms (cache hit)
205 http cache has-bigints@https://registry.npmjs.org/has-bigints/-/has-bigints-1.1.0.tgz 0ms (cache hit)
206 http cache graceful-fs@https://registry.npmjs.org/graceful-fs/-/graceful-fs-4.2.11.tgz 0ms (cache hit)
207 http cache gopd@https://registry.npmjs.org/gopd/-/gopd-1.2.0.tgz 0ms (cache hit)
208 http cache globalthis@https://registry.npmjs.org/globalthis/-/globalthis-1.0.4.tgz 0ms (cache hit)
209 http cache globals@https://registry.npmjs.org/globals/-/globals-14.0.0.tgz 0ms (cache hit)
210 http cache glob-parent@https://registry.npmjs.org/glob-parent/-/glob-parent-6.0.2.tgz 0ms (cache hit)
211 http cache get-tsconfig@https://registry.npmjs.org/get-tsconfig/-/get-tsconfig-4.13.6.tgz 0ms (cache hit)
212 http cache get-symbol-description@https://registry.npmjs.org/get-symbol-description/-/get-symbol-description-1.1.0.tgz 1ms (cache hit)
213 http cache get-proto@https://registry.npmjs.org/get-proto/-/get-proto-1.0.1.tgz 0ms (cache hit)
214 http cache get-intrinsic@https://registry.npmjs.org/get-intrinsic/-/get-intrinsic-1.3.0.tgz 0ms (cache hit)
215 http cache gensync@https://registry.npmjs.org/gensync/-/gensync-1.0.0-beta.2.tgz 1ms (cache hit)
216 http cache generator-function@https://registry.npmjs.org/generator-function/-/generator-function-2.0.1.tgz 0ms (cache hit)
217 http cache functions-have-names@https://registry.npmjs.org/functions-have-names/-/functions-have-names-1.2.3.tgz 0ms (cache hit)
218 http cache function.prototype.name@https://registry.npmjs.org/function.prototype.name/-/function.prototype.name-1.1.8.tgz 0ms (cache hit)
219 http cache function-bind@https://registry.npmjs.org/function-bind/-/function-bind-1.1.2.tgz 0ms (cache hit)
220 http cache fraction.js@https://registry.npmjs.org/fraction.js/-/fraction.js-5.3.4.tgz 0ms (cache hit)
221 http cache for-each@https://registry.npmjs.org/for-each/-/for-each-0.3.5.tgz 0ms (cache hit)
222 http cache flatted@https://registry.npmjs.org/flatted/-/flatted-3.4.2.tgz 0ms (cache hit)
223 http cache flat-cache@https://registry.npmjs.org/flat-cache/-/flat-cache-4.0.1.tgz 0ms (cache hit)
224 http cache find-up@https://registry.npmjs.org/find-up/-/find-up-5.0.0.tgz 0ms (cache hit)
225 http cache fill-range@https://registry.npmjs.org/fill-range/-/fill-range-7.1.1.tgz 0ms (cache hit)
226 http cache file-entry-cache@https://registry.npmjs.org/file-entry-cache/-/file-entry-cache-8.0.0.tgz 0ms (cache hit)
227 http cache fastq@https://registry.npmjs.org/fastq/-/fastq-1.20.1.tgz 0ms (cache hit)
228 http cache fast-levenshtein@https://registry.npmjs.org/fast-levenshtein/-/fast-levenshtein-2.0.6.tgz 0ms (cache hit)
229 http cache fast-json-stable-stringify@https://registry.npmjs.org/fast-json-stable-stringify/-/fast-json-stable-stringify-2.1.0.tgz 0ms (cache hit)
230 http cache fast-glob@https://registry.npmjs.org/fast-glob/-/fast-glob-3.3.1.tgz 0ms (cache hit)
231 http cache esutils@https://registry.npmjs.org/esutils/-/esutils-2.0.3.tgz 0ms (cache hit)
232 http cache fast-deep-equal@https://registry.npmjs.org/fast-deep-equal/-/fast-deep-equal-3.1.3.tgz 0ms (cache hit)
233 http cache estraverse@https://registry.npmjs.org/estraverse/-/estraverse-5.3.0.tgz 0ms (cache hit)
234 http cache esrecurse@https://registry.npmjs.org/esrecurse/-/esrecurse-4.3.0.tgz 0ms (cache hit)
235 http cache esquery@https://registry.npmjs.org/esquery/-/esquery-1.7.0.tgz 0ms (cache hit)
236 http cache espree@https://registry.npmjs.org/espree/-/espree-10.4.0.tgz 0ms (cache hit)
237 http cache eslint-visitor-keys@https://registry.npmjs.org/eslint-visitor-keys/-/eslint-visitor-keys-4.2.1.tgz 0ms (cache hit)
238 http cache eslint-scope@https://registry.npmjs.org/eslint-scope/-/eslint-scope-8.4.0.tgz 0ms (cache hit)
239 http cache eslint-plugin-react@https://registry.npmjs.org/eslint-plugin-react/-/eslint-plugin-react-7.37.5.tgz 0ms (cache hit)
240 http cache eslint-plugin-react-hooks@https://registry.npmjs.org/eslint-plugin-react-hooks/-/eslint-plugin-react-hooks-7.0.1.tgz 1ms (cache hit)
241 http cache eslint-plugin-jsx-a11y@https://registry.npmjs.org/eslint-plugin-jsx-a11y/-/eslint-plugin-jsx-a11y-6.10.2.tgz 0ms (cache hit)
242 http cache eslint-plugin-import@https://registry.npmjs.org/eslint-plugin-import/-/eslint-plugin-import-2.32.0.tgz 0ms (cache hit)
243 http cache eslint-module-utils@https://registry.npmjs.org/eslint-module-utils/-/eslint-module-utils-2.12.1.tgz 0ms (cache hit)
244 http cache eslint-import-resolver-typescript@https://registry.npmjs.org/eslint-import-resolver-typescript/-/eslint-import-resolver-typescript-3.10.1.tgz 0ms (cache hit)
245 http cache eslint-import-resolver-node@https://registry.npmjs.org/eslint-import-resolver-node/-/eslint-import-resolver-node-0.3.9.tgz 0ms (cache hit)
246 http cache eslint-config-next@https://registry.npmjs.org/eslint-config-next/-/eslint-config-next-16.2.1.tgz 0ms (cache hit)
247 http cache eslint@https://registry.npmjs.org/eslint/-/eslint-9.39.4.tgz 0ms (cache hit)
248 http cache escape-string-regexp@https://registry.npmjs.org/escape-string-regexp/-/escape-string-regexp-4.0.0.tgz 0ms (cache hit)
249 http cache escalade@https://registry.npmjs.org/escalade/-/escalade-3.2.0.tgz 0ms (cache hit)
250 http cache es-to-primitive@https://registry.npmjs.org/es-to-primitive/-/es-to-primitive-1.3.0.tgz 0ms (cache hit)
251 http cache es-shim-unscopables@https://registry.npmjs.org/es-shim-unscopables/-/es-shim-unscopables-1.1.0.tgz 1ms (cache hit)
252 http cache es-set-tostringtag@https://registry.npmjs.org/es-set-tostringtag/-/es-set-tostringtag-2.1.0.tgz 0ms (cache hit)
253 http cache es-object-atoms@https://registry.npmjs.org/es-object-atoms/-/es-object-atoms-1.1.1.tgz 0ms (cache hit)
254 http cache es-iterator-helpers@https://registry.npmjs.org/es-iterator-helpers/-/es-iterator-helpers-1.3.1.tgz 0ms (cache hit)
255 http cache es-errors@https://registry.npmjs.org/es-errors/-/es-errors-1.3.0.tgz 0ms (cache hit)
256 http cache es-define-property@https://registry.npmjs.org/es-define-property/-/es-define-property-1.0.1.tgz 0ms (cache hit)
257 http cache es-abstract@https://registry.npmjs.org/es-abstract/-/es-abstract-1.24.1.tgz 0ms (cache hit)
258 http cache enhanced-resolve@https://registry.npmjs.org/enhanced-resolve/-/enhanced-resolve-5.20.1.tgz 0ms (cache hit)
259 http cache emoji-regex@https://registry.npmjs.org/emoji-regex/-/emoji-regex-9.2.2.tgz 1ms (cache hit)
260 http cache electron-to-chromium@https://registry.npmjs.org/electron-to-chromium/-/electron-to-chromium-1.5.321.tgz 0ms (cache hit)
261 http cache dunder-proto@https://registry.npmjs.org/dunder-proto/-/dunder-proto-1.0.1.tgz 0ms (cache hit)
262 http cache doctrine@https://registry.npmjs.org/doctrine/-/doctrine-2.1.0.tgz 0ms (cache hit)
263 http cache dlv@https://registry.npmjs.org/dlv/-/dlv-1.1.3.tgz 0ms (cache hit)
264 http cache didyoumean@https://registry.npmjs.org/didyoumean/-/didyoumean-1.2.2.tgz 0ms (cache hit)
265 http cache detect-libc@https://registry.npmjs.org/detect-libc/-/detect-libc-2.1.2.tgz 0ms (cache hit)
266 http cache define-properties@https://registry.npmjs.org/define-properties/-/define-properties-1.2.1.tgz 0ms (cache hit)
267 http cache deep-is@https://registry.npmjs.org/deep-is/-/deep-is-0.1.4.tgz 0ms (cache hit)
268 http cache debug@https://registry.npmjs.org/debug/-/debug-4.4.3.tgz 0ms (cache hit)
269 http cache data-view-byte-length@https://registry.npmjs.org/data-view-byte-length/-/data-view-byte-length-1.0.2.tgz 0ms (cache hit)
270 http cache data-view-buffer@https://registry.npmjs.org/data-view-buffer/-/data-view-buffer-1.0.2.tgz 0ms (cache hit)
271 http cache csstype@https://registry.npmjs.org/csstype/-/csstype-3.2.3.tgz 0ms (cache hit)
272 http cache damerau-levenshtein@https://registry.npmjs.org/damerau-levenshtein/-/damerau-levenshtein-1.0.8.tgz 0ms (cache hit)
273 http cache data-view-byte-offset@https://registry.npmjs.org/data-view-byte-offset/-/data-view-byte-offset-1.0.1.tgz 0ms (cache hit)
274 http cache cssesc@https://registry.npmjs.org/cssesc/-/cssesc-3.0.0.tgz 0ms (cache hit)
275 http cache cross-spawn@https://registry.npmjs.org/cross-spawn/-/cross-spawn-7.0.6.tgz 0ms (cache hit)
276 http cache convert-source-map@https://registry.npmjs.org/convert-source-map/-/convert-source-map-2.0.0.tgz 1ms (cache hit)
277 http cache concat-map@https://registry.npmjs.org/concat-map/-/concat-map-0.0.1.tgz 0ms (cache hit)
278 http cache commander@https://registry.npmjs.org/commander/-/commander-4.1.1.tgz 0ms (cache hit)
279 http cache color-name@https://registry.npmjs.org/color-name/-/color-name-1.1.4.tgz 0ms (cache hit)
280 http cache color-convert@https://registry.npmjs.org/color-convert/-/color-convert-2.0.1.tgz 0ms (cache hit)
281 http cache client-only@https://registry.npmjs.org/client-only/-/client-only-0.0.1.tgz 0ms (cache hit)
282 http cache chokidar@https://registry.npmjs.org/chokidar/-/chokidar-3.6.0.tgz 0ms (cache hit)
283 http cache chalk@https://registry.npmjs.org/chalk/-/chalk-4.1.2.tgz 0ms (cache hit)
284 http cache caniuse-lite@https://registry.npmjs.org/caniuse-lite/-/caniuse-lite-1.0.30001780.tgz 0ms (cache hit)
285 http cache camelcase-css@https://registry.npmjs.org/camelcase-css/-/camelcase-css-2.0.1.tgz 0ms (cache hit)
286 http cache callsites@https://registry.npmjs.org/callsites/-/callsites-3.1.0.tgz 0ms (cache hit)
287 http cache call-bound@https://registry.npmjs.org/call-bound/-/call-bound-1.0.4.tgz 0ms (cache hit)
288 http cache call-bind-apply-helpers@https://registry.npmjs.org/call-bind-apply-helpers/-/call-bind-apply-helpers-1.0.2.tgz 0ms (cache hit)
289 http cache call-bind@https://registry.npmjs.org/call-bind/-/call-bind-1.0.8.tgz 0ms (cache hit)
290 http cache browserslist@https://registry.npmjs.org/browserslist/-/browserslist-4.28.1.tgz 0ms (cache hit)
291 http cache braces@https://registry.npmjs.org/braces/-/braces-3.0.3.tgz 0ms (cache hit)
292 http cache brace-expansion@https://registry.npmjs.org/brace-expansion/-/brace-expansion-1.1.13.tgz 0ms (cache hit)
293 http cache binary-extensions@https://registry.npmjs.org/binary-extensions/-/binary-extensions-2.3.0.tgz 0ms (cache hit)
294 http cache baseline-browser-mapping@https://registry.npmjs.org/baseline-browser-mapping/-/baseline-browser-mapping-2.10.9.tgz 0ms (cache hit)
295 http cache balanced-match@https://registry.npmjs.org/balanced-match/-/balanced-match-1.0.2.tgz 0ms (cache hit)
296 http cache axobject-query@https://registry.npmjs.org/axobject-query/-/axobject-query-4.1.0.tgz 0ms (cache hit)
297 http cache axe-core@https://registry.npmjs.org/axe-core/-/axe-core-4.11.1.tgz 0ms (cache hit)
298 http cache available-typed-arrays@https://registry.npmjs.org/available-typed-arrays/-/available-typed-arrays-1.0.7.tgz 0ms (cache hit)
299 http cache autoprefixer@https://registry.npmjs.org/autoprefixer/-/autoprefixer-10.4.27.tgz 0ms (cache hit)
300 http cache async-function@https://registry.npmjs.org/async-function/-/async-function-1.0.0.tgz 0ms (cache hit)
301 http cache ast-types-flow@https://registry.npmjs.org/ast-types-flow/-/ast-types-flow-0.0.8.tgz 0ms (cache hit)
302 http cache arraybuffer.prototype.slice@https://registry.npmjs.org/arraybuffer.prototype.slice/-/arraybuffer.prototype.slice-1.0.4.tgz 0ms (cache hit)
303 http cache array.prototype.tosorted@https://registry.npmjs.org/array.prototype.tosorted/-/array.prototype.tosorted-1.1.4.tgz 1ms (cache hit)
304 http cache array.prototype.flatmap@https://registry.npmjs.org/array.prototype.flatmap/-/array.prototype.flatmap-1.3.3.tgz 0ms (cache hit)
305 http cache array.prototype.flat@https://registry.npmjs.org/array.prototype.flat/-/array.prototype.flat-1.3.3.tgz 0ms (cache hit)
306 http cache array.prototype.findlastindex@https://registry.npmjs.org/array.prototype.findlastindex/-/array.prototype.findlastindex-1.2.6.tgz 0ms (cache hit)
307 http cache array.prototype.findlast@https://registry.npmjs.org/array.prototype.findlast/-/array.prototype.findlast-1.2.5.tgz 1ms (cache hit)
308 http cache array-includes@https://registry.npmjs.org/array-includes/-/array-includes-3.1.9.tgz 0ms (cache hit)
309 http cache array-buffer-byte-length@https://registry.npmjs.org/array-buffer-byte-length/-/array-buffer-byte-length-1.0.2.tgz 0ms (cache hit)
310 http cache aria-query@https://registry.npmjs.org/aria-query/-/aria-query-5.3.2.tgz 0ms (cache hit)
311 http cache argparse@https://registry.npmjs.org/argparse/-/argparse-2.0.1.tgz 0ms (cache hit)
312 http cache arg@https://registry.npmjs.org/arg/-/arg-5.0.2.tgz 0ms (cache hit)
313 http cache any-promise@https://registry.npmjs.org/any-promise/-/any-promise-1.3.0.tgz 0ms (cache hit)
314 http cache anymatch@https://registry.npmjs.org/anymatch/-/anymatch-3.1.3.tgz 1ms (cache hit)
315 http cache ansi-styles@https://registry.npmjs.org/ansi-styles/-/ansi-styles-4.3.0.tgz 0ms (cache hit)
316 http cache ajv@https://registry.npmjs.org/ajv/-/ajv-6.14.0.tgz 0ms (cache hit)
317 http cache acorn-jsx@https://registry.npmjs.org/acorn-jsx/-/acorn-jsx-5.3.2.tgz 0ms (cache hit)
318 http cache acorn@https://registry.npmjs.org/acorn/-/acorn-8.16.0.tgz 1ms (cache hit)
319 http cache @xmldom/xmldom@https://registry.npmjs.org/@xmldom/xmldom/-/xmldom-0.8.12.tgz 0ms (cache hit)
320 http cache @unrs/resolver-binding-android-arm64@https://registry.npmjs.org/@unrs/resolver-binding-android-arm64/-/resolver-binding-android-arm64-1.11.1.tgz 0ms (cache hit)
321 http cache @typescript-eslint/visitor-keys@https://registry.npmjs.org/@typescript-eslint/visitor-keys/-/visitor-keys-8.57.1.tgz 0ms (cache hit)
322 http cache @typescript-eslint/utils@https://registry.npmjs.org/@typescript-eslint/utils/-/utils-8.57.1.tgz 0ms (cache hit)
323 http cache @typescript-eslint/typescript-estree@https://registry.npmjs.org/@typescript-eslint/typescript-estree/-/typescript-estree-8.57.1.tgz 0ms (cache hit)
324 http cache define-data-property@https://registry.npmjs.org/define-data-property/-/define-data-property-1.1.4.tgz 0ms (cache hit)
325 http cache @typescript-eslint/types@https://registry.npmjs.org/@typescript-eslint/types/-/types-8.57.1.tgz 0ms (cache hit)
326 http cache @typescript-eslint/type-utils@https://registry.npmjs.org/@typescript-eslint/type-utils/-/type-utils-8.57.1.tgz 0ms (cache hit)
327 http cache @typescript-eslint/scope-manager@https://registry.npmjs.org/@typescript-eslint/scope-manager/-/scope-manager-8.57.1.tgz 0ms (cache hit)
328 http cache @typescript-eslint/tsconfig-utils@https://registry.npmjs.org/@typescript-eslint/tsconfig-utils/-/tsconfig-utils-8.57.1.tgz 0ms (cache hit)
329 http cache @typescript-eslint/project-service@https://registry.npmjs.org/@typescript-eslint/project-service/-/project-service-8.57.1.tgz 0ms (cache hit)
330 http cache @typescript-eslint/parser@https://registry.npmjs.org/@typescript-eslint/parser/-/parser-8.57.1.tgz 1ms (cache hit)
331 http cache @typescript-eslint/eslint-plugin@https://registry.npmjs.org/@typescript-eslint/eslint-plugin/-/eslint-plugin-8.57.1.tgz 0ms (cache hit)
332 http cache @types/react-dom@https://registry.npmjs.org/@types/react-dom/-/react-dom-19.2.3.tgz 0ms (cache hit)
333 http cache @types/react@https://registry.npmjs.org/@types/react/-/react-19.2.14.tgz 0ms (cache hit)
334 http cache @types/node@https://registry.npmjs.org/@types/node/-/node-20.19.37.tgz 0ms (cache hit)
335 http cache @types/leaflet@https://registry.npmjs.org/@types/leaflet/-/leaflet-1.9.21.tgz 0ms (cache hit)
336 http cache @types/json5@https://registry.npmjs.org/@types/json5/-/json5-0.0.29.tgz 0ms (cache hit)
337 http cache @types/json-schema@https://registry.npmjs.org/@types/json-schema/-/json-schema-7.0.15.tgz 0ms (cache hit)
338 http cache @types/geojson@https://registry.npmjs.org/@types/geojson/-/geojson-7946.0.16.tgz 1ms (cache hit)
339 http cache @types/estree@https://registry.npmjs.org/@types/estree/-/estree-1.0.8.tgz 0ms (cache hit)
340 http cache @tailwindcss/postcss@https://registry.npmjs.org/@tailwindcss/postcss/-/postcss-4.2.2.tgz 0ms (cache hit)
341 http cache @tailwindcss/oxide-android-arm64@https://registry.npmjs.org/@tailwindcss/oxide-android-arm64/-/oxide-android-arm64-4.2.2.tgz 0ms (cache hit)
342 http cache @tailwindcss/oxide@https://registry.npmjs.org/@tailwindcss/oxide/-/oxide-4.2.2.tgz 0ms (cache hit)
343 http cache @tailwindcss/node@https://registry.npmjs.org/@tailwindcss/node/-/node-4.2.2.tgz 0ms (cache hit)
344 http cache @tailwindcss/forms@https://registry.npmjs.org/@tailwindcss/forms/-/forms-0.5.11.tgz 0ms (cache hit)
345 http cache @swc/helpers@https://registry.npmjs.org/@swc/helpers/-/helpers-0.5.15.tgz 0ms (cache hit)
346 http cache @rtsao/scc@https://registry.npmjs.org/@rtsao/scc/-/scc-1.1.0.tgz 0ms (cache hit)
347 http cache @react-leaflet/core@https://registry.npmjs.org/@react-leaflet/core/-/core-3.0.0.tgz 0ms (cache hit)
348 http cache @nolyfill/is-core-module@https://registry.npmjs.org/@nolyfill/is-core-module/-/is-core-module-1.0.39.tgz 0ms (cache hit)
349 http cache @nodelib/fs.walk@https://registry.npmjs.org/@nodelib/fs.walk/-/fs.walk-1.2.8.tgz 1ms (cache hit)
350 http cache @nodelib/fs.stat@https://registry.npmjs.org/@nodelib/fs.stat/-/fs.stat-2.0.5.tgz 0ms (cache hit)
351 http cache @nodelib/fs.scandir@https://registry.npmjs.org/@nodelib/fs.scandir/-/fs.scandir-2.1.5.tgz 1ms (cache hit)
352 http cache @next/env@https://registry.npmjs.org/@next/env/-/env-16.2.9.tgz 0ms (cache hit)
353 http cache @next/eslint-plugin-next@https://registry.npmjs.org/@next/eslint-plugin-next/-/eslint-plugin-next-16.2.1.tgz 0ms (cache hit)
354 http cache @jridgewell/trace-mapping@https://registry.npmjs.org/@jridgewell/trace-mapping/-/trace-mapping-0.3.31.tgz 0ms (cache hit)
355 http cache @jridgewell/sourcemap-codec@https://registry.npmjs.org/@jridgewell/sourcemap-codec/-/sourcemap-codec-1.5.5.tgz 0ms (cache hit)
356 http cache @jridgewell/resolve-uri@https://registry.npmjs.org/@jridgewell/resolve-uri/-/resolve-uri-3.1.2.tgz 0ms (cache hit)
357 http cache @jridgewell/remapping@https://registry.npmjs.org/@jridgewell/remapping/-/remapping-2.3.5.tgz 0ms (cache hit)
358 http cache @jridgewell/gen-mapping@https://registry.npmjs.org/@jridgewell/gen-mapping/-/gen-mapping-0.3.13.tgz 0ms (cache hit)
359 http cache @img/colour@https://registry.npmjs.org/@img/colour/-/colour-1.1.0.tgz 0ms (cache hit)
360 http cache @humanwhocodes/retry@https://registry.npmjs.org/@humanwhocodes/retry/-/retry-0.4.3.tgz 0ms (cache hit)
361 http cache @humanwhocodes/module-importer@https://registry.npmjs.org/@humanwhocodes/module-importer/-/module-importer-1.0.1.tgz 0ms (cache hit)
362 http cache @humanfs/node@https://registry.npmjs.org/@humanfs/node/-/node-0.16.7.tgz 0ms (cache hit)
363 http cache @humanfs/core@https://registry.npmjs.org/@humanfs/core/-/core-0.19.1.tgz 0ms (cache hit)
364 http cache @eslint/plugin-kit@https://registry.npmjs.org/@eslint/plugin-kit/-/plugin-kit-0.4.1.tgz 0ms (cache hit)
365 http cache @eslint/object-schema@https://registry.npmjs.org/@eslint/object-schema/-/object-schema-2.1.7.tgz 0ms (cache hit)
366 http cache @eslint/js@https://registry.npmjs.org/@eslint/js/-/js-9.39.4.tgz 0ms (cache hit)
367 http cache @eslint/eslintrc@https://registry.npmjs.org/@eslint/eslintrc/-/eslintrc-3.3.5.tgz 0ms (cache hit)
368 http cache @eslint/core@https://registry.npmjs.org/@eslint/core/-/core-0.17.0.tgz 0ms (cache hit)
369 http cache @eslint/config-helpers@https://registry.npmjs.org/@eslint/config-helpers/-/config-helpers-0.4.2.tgz 1ms (cache hit)
370 http cache @eslint/config-array@https://registry.npmjs.org/@eslint/config-array/-/config-array-0.21.2.tgz 0ms (cache hit)
371 http cache @eslint-community/regexpp@https://registry.npmjs.org/@eslint-community/regexpp/-/regexpp-4.12.2.tgz 0ms (cache hit)
372 http cache @eslint-community/eslint-utils@https://registry.npmjs.org/@eslint-community/eslint-utils/-/eslint-utils-4.9.1.tgz 0ms (cache hit)
373 http cache @babel/types@https://registry.npmjs.org/@babel/types/-/types-7.29.0.tgz 0ms (cache hit)
374 http cache @babel/traverse@https://registry.npmjs.org/@babel/traverse/-/traverse-7.29.0.tgz 0ms (cache hit)
375 http cache @babel/template@https://registry.npmjs.org/@babel/template/-/template-7.28.6.tgz 0ms (cache hit)
376 http cache @babel/parser@https://registry.npmjs.org/@babel/parser/-/parser-7.29.2.tgz 0ms (cache hit)
377 http cache @babel/helpers@https://registry.npmjs.org/@babel/helpers/-/helpers-7.29.2.tgz 0ms (cache hit)
378 http cache @babel/helper-validator-identifier@https://registry.npmjs.org/@babel/helper-validator-identifier/-/helper-validator-identifier-7.28.5.tgz 0ms (cache hit)
379 http cache @babel/helper-validator-option@https://registry.npmjs.org/@babel/helper-validator-option/-/helper-validator-option-7.27.1.tgz 0ms (cache hit)
380 http cache @babel/helper-string-parser@https://registry.npmjs.org/@babel/helper-string-parser/-/helper-string-parser-7.27.1.tgz 0ms (cache hit)
381 http cache @babel/helper-module-transforms@https://registry.npmjs.org/@babel/helper-module-transforms/-/helper-module-transforms-7.28.6.tgz 0ms (cache hit)
382 http cache @babel/helper-module-imports@https://registry.npmjs.org/@babel/helper-module-imports/-/helper-module-imports-7.28.6.tgz 0ms (cache hit)
383 http cache @babel/helper-globals@https://registry.npmjs.org/@babel/helper-globals/-/helper-globals-7.28.0.tgz 1ms (cache hit)
384 http cache @babel/helper-compilation-targets@https://registry.npmjs.org/@babel/helper-compilation-targets/-/helper-compilation-targets-7.28.6.tgz 0ms (cache hit)
385 http cache @babel/generator@https://registry.npmjs.org/@babel/generator/-/generator-7.29.1.tgz 0ms (cache hit)
386 http cache @babel/core@https://registry.npmjs.org/@babel/core/-/core-7.29.0.tgz 0ms (cache hit)
387 http cache @babel/compat-data@https://registry.npmjs.org/@babel/compat-data/-/compat-data-7.29.0.tgz 0ms (cache hit)
388 http cache @babel/code-frame@https://registry.npmjs.org/@babel/code-frame/-/code-frame-7.29.0.tgz 0ms (cache hit)
389 http cache @alloc/quick-lru@https://registry.npmjs.org/@alloc/quick-lru/-/quick-lru-5.2.0.tgz 0ms (cache hit)
390 http fetch POST 200 https://registry.npmjs.org/-/npm/v1/security/advisories/bulk 2208ms
391 silly audit report {
391 silly audit report   '@babel/core': [
391 silly audit report     {
391 silly audit report       id: 1123528,
391 silly audit report       url: 'https://github.com/advisories/GHSA-4x5r-pxfx-6jf8',
391 silly audit report       title: '@babel/core: Arbitrary File Read via sourceMappingURL Comment',
391 silly audit report       severity: 'low',
391 silly audit report       vulnerable_versions: '<=7.29.0',
391 silly audit report       cwe: [Array],
391 silly audit report       cvss: [Object]
391 silly audit report     }
391 silly audit report   ],
391 silly audit report   'brace-expansion': [
391 silly audit report     {
391 silly audit report       id: 1120311,
391 silly audit report       url: 'https://github.com/advisories/GHSA-jxxr-4gwj-5jf2',
391 silly audit report       title: 'brace-expansion: Large numeric range defeats documented `max` DoS protection',
391 silly audit report       severity: 'moderate',
391 silly audit report       vulnerable_versions: '>=5.0.0 <5.0.6',
391 silly audit report       cwe: [Array],
391 silly audit report       cvss: [Object]
391 silly audit report     },
391 silly audit report     {
391 silly audit report       id: 1130588,
391 silly audit report       url: 'https://github.com/advisories/GHSA-mh99-v99m-4gvg',
391 silly audit report       title: 'brace-expansion: DoS via unbounded expansion length causing an out-of-memory process crash',
391 silly audit report       severity: 'high',
391 silly audit report       vulnerable_versions: '<1.1.17',
391 silly audit report       cwe: [Array],
391 silly audit report       cvss: [Object]
391 silly audit report     },
391 silly audit report     {
391 silly audit report       id: 1130591,
391 silly audit report       url: 'https://github.com/advisories/GHSA-mh99-v99m-4gvg',
391 silly audit report       title: 'brace-expansion: DoS via unbounded expansion length causing an out-of-memory process crash',
391 silly audit report       severity: 'high',
391 silly audit report       vulnerable_versions: '>=4.0.0 <5.0.8',
391 silly audit report       cwe: [Array],
391 silly audit report       cvss: [Object]
391 silly audit report     },
391 silly audit report     {
391 silly audit report       id: 1130734,
391 silly audit report       url: 'https://github.com/advisories/GHSA-rgw5-rvv9-x895',
391 silly audit report       title: 'brace-expansion: DoS via unbounded intermediate arrays, bypassing the CVE-2026-14257 mitigation',
391 silly audit report       severity: 'high',
391 silly audit report       vulnerable_versions: '>=4.0.0 <5.0.9',
391 silly audit report       cwe: [Array],
391 silly audit report       cvss: [Object]
391 silly audit report     },
391 silly audit report     {
391 silly audit report       id: 1130737,
391 silly audit report       url: 'https://github.com/advisories/GHSA-rgw5-rvv9-x895',
391 silly audit report       title: 'brace-expansion: DoS via unbounded intermediate arrays, bypassing the CVE-2026-14257 mitigation',
391 silly audit report       severity: 'high',
391 silly audit report       vulnerable_versions: '<1.1.18',
391 silly audit report       cwe: [Array],
391 silly audit report       cvss: [Object]
391 silly audit report     },
391 silly audit report     {
391 silly audit report       id: 1123897,
391 silly audit report       url: 'https://github.com/advisories/GHSA-3jxr-9vmj-r5cp',
391 silly audit report       title: 'brace-expansion: DoS via exponential-time expansion of consecutive non-expanding {} groups',
391 silly audit report       severity: 'high',
391 silly audit report       vulnerable_versions: '<1.1.16',
391 silly audit report       cwe: [Array],
391 silly audit report       cvss: [Object]
391 silly audit report     },
391 silly audit report     {
391 silly audit report       id: 1123898,
391 silly audit report       url: 'https://github.com/advisories/GHSA-3jxr-9vmj-r5cp',
391 silly audit report       title: 'brace-expansion: DoS via exponential-time expansion of consecutive non-expanding {} groups',
391 silly audit report       severity: 'high',
391 silly audit report       vulnerable_versions: '>=3.0.0 <5.0.7',
391 silly audit report       cwe: [Array],
391 silly audit report       cvss: [Object]
391 silly audit report     }
391 silly audit report   ],
391 silly audit report   '@xmldom/xmldom': [
391 silly audit report     {
391 silly audit report       id: 1117894,
391 silly audit report       url: 'https://github.com/advisories/GHSA-2v35-w6hq-6mfw',
391 silly audit report       title: 'xmldom: Uncontrolled recursion in XML serialization leads to DoS',
391 silly audit report       severity: 'high',
391 silly audit report       vulnerable_versions: '<0.8.13',
391 silly audit report       cwe: [Array],
391 silly audit report       cvss: [Object]
391 silly audit report     },
391 silly audit report     {
391 silly audit report       id: 1117897,
391 silly audit report       url: 'https://github.com/advisories/GHSA-f6ww-3ggp-fr8h',
391 silly audit report       title: 'xmldom has XML injection through unvalidated DocumentType serialization',
391 silly audit report       severity: 'high',
391 silly audit report       vulnerable_versions: '<0.8.13',
391 silly audit report       cwe: [Array],
391 silly audit report       cvss: [Object]
391 silly audit report     },
391 silly audit report     {
391 silly audit report       id: 1117900,
391 silly audit report       url: 'https://github.com/advisories/GHSA-x6wf-f3px-wcqx',
391 silly audit report       title: 'xmldom has XML node injection through unvalidated processing instruction serialization',
391 silly audit report       severity: 'high',
391 silly audit report       vulnerable_versions: '<0.8.13',
391 silly audit report       cwe: [Array],
391 silly audit report       cvss: [Object]
391 silly audit report     },
391 silly audit report     {
391 silly audit report       id: 1117903,
391 silly audit report       url: 'https://github.com/advisories/GHSA-j759-j44w-7fr8',
391 silly audit report       title: 'xmldom has XML node injection through unvalidated comment serialization',
391 silly audit report       severity: 'high',
391 silly audit report       vulnerable_versions: '<0.8.13',
391 silly audit report       cwe: [Array],
391 silly audit report       cvss: [Object]
391 silly audit report     }
391 silly audit report   ],
391 silly audit report   'js-yaml': [
391 silly audit report     {
391 silly audit report       id: 1121860,
391 silly audit report       url: 'https://github.com/advisories/GHSA-h67p-54hq-rp68',
391 silly audit report       title: 'JS-YAML: Quadratic-complexity DoS in merge key handling via repeated aliases',
391 silly audit report       severity: 'moderate',
391 silly audit report       vulnerable_versions: '>=4.0.0 <=4.1.1',
391 silly audit report       cwe: [Array],
391 silly audit report       cvss: [Object]
391 silly audit report     },
391 silly audit report     {
391 silly audit report       id: 1123911,
391 silly audit report       url: 'https://github.com/advisories/GHSA-52cp-r559-cp3m',
391 silly audit report       title: 'js-yaml: YAML merge-key chains can force quadratic CPU consumption',
391 silly audit report       severity: 'high',
391 silly audit report       vulnerable_versions: '>=4.0.0 <4.3.0',
391 silly audit report       cwe: [Array],
391 silly audit report       cvss: [Object]
391 silly audit report     },
391 silly audit report     {
391 silly audit report       id: 1138115,
391 silly audit report       url: 'https://github.com/advisories/GHSA-5p4m-2wfm-xmqj',
391 silly audit report       title: 'JS-YAML: Quadratic CPU consumption in !!omap resolution (3.x and 4.x) — CVE-2026-59870 fix not backported',
391 silly audit report       severity: 'high',
391 silly audit report       vulnerable_versions: '>=4.0.0 <4.3.1',
391 silly audit report       cwe: [Array],
391 silly audit report       cvss: [Object]
391 silly audit report     }
391 silly audit report   ],
391 silly audit report   nanoid: [
391 silly audit report     {
391 silly audit report       id: 1138811,
391 silly audit report       url: 'https://github.com/advisories/GHSA-28wg-ghj8-5hjv',
391 silly audit report       title: 'nanoid: non-secure generators can loop indefinitely with negative size',
391 silly audit report       severity: 'high',
391 silly audit report       vulnerable_versions: '<3.3.16',
391 silly audit report       cwe: [Array],
391 silly audit report       cvss: [Object]
391 silly audit report     },
391 silly audit report     {
391 silly audit report       id: 1139427,
391 silly audit report       url: 'https://github.com/advisories/GHSA-2v37-7h3g-55p8',
391 silly audit report       title: 'nanoid: custom generators can loop indefinitely when size is zero',
391 silly audit report       severity: 'high',
391 silly audit report       vulnerable_versions: '<3.3.18',
391 silly audit report       cwe: [Array],
391 silly audit report       cvss: [Object]
391 silly audit report     }
391 silly audit report   ],
391 silly audit report   next: [
391 silly audit report     {
391 silly audit report       id: 1124184,
391 silly audit report       url: 'https://github.com/advisories/GHSA-89xv-2m56-2m9x',
391 silly audit report       title: 'Next.js: Server-Side Request Forgery in Server Actions on custom servers',
391 silly audit report       severity: 'high',
391 silly audit report       vulnerable_versions: '>=16.0.0 <16.2.11',
391 silly audit report       cwe: [Array],
391 silly audit report       cvss: [Object]
391 silly audit report     },
391 silly audit report     {
391 silly audit report       id: 1124186,
391 silly audit report       url: 'https://github.com/advisories/GHSA-68g3-v927-f742',
391 silly audit report       title: 'Next.js: Cache confusion of response bodies for requests with bodies',
391 silly audit report       severity: 'moderate',
391 silly audit report       vulnerable_versions: '>=16.0.0 <16.2.11',
391 silly audit report       cwe: [Array],
391 silly audit report       cvss: [Object]
391 silly audit report     },
391 silly audit report     {
391 silly audit report       id: 1124170,
391 silly audit report       url: 'https://github.com/advisories/GHSA-6gpp-xcg3-4w24',
391 silly audit report       title: 'Next.js: Middleware / Proxy bypass in App Router applications using Turbopack and single locale',
391 silly audit report       severity: 'high',
391 silly audit report       vulnerable_versions: '>=16.0.0 <16.2.11',
391 silly audit report       cwe: [Array],
391 silly audit report       cvss: [Object]
391 silly audit report     },
391 silly audit report     {
391 silly audit report       id: 1124171,
391 silly audit report       url: 'https://github.com/advisories/GHSA-m99w-x7hq-7vfj',
391 silly audit report       title: 'Next.js: Denial of Service in App Router using Server Actions',
391 silly audit report       severity: 'high',
391 silly audit report       vulnerable_versions: '>=16.0.0 <16.2.11',
391 silly audit report       cwe: [Array],
391 silly audit report       cvss: [Object]
391 silly audit report     },
391 silly audit report     {
391 silly audit report       id: 1124188,
391 silly audit report       url: 'https://github.com/advisories/GHSA-4633-3j49-mh5q',
391 silly audit report       title: 'Next.js: Cache confusion of response bodies for requests with bodies containing invalid UTF-8 byte sequences',
391 silly audit report       severity: 'moderate',
391 silly audit report       vulnerable_versions: '>=16.0.0 <16.2.11',
391 silly audit report       cwe: [Array],
391 silly audit report       cvss: [Object]
391 silly audit report     },
391 silly audit report     {
391 silly audit report       id: 1124190,
391 silly audit report       url: 'https://github.com/advisories/GHSA-4c39-4ccg-62r3',
391 silly audit report       title: 'Next.js: Unbounded Server Action payload in Edge runtime',
391 silly audit report       severity: 'moderate',
391 silly audit report       vulnerable_versions: '>=16.0.0 <16.2.11',
391 silly audit report       cwe: [Array],
391 silly audit report       cvss: [Object]
391 silly audit report     },
391 silly audit report     {
391 silly audit report       id: 1124192,
391 silly audit report       url: 'https://github.com/advisories/GHSA-p9j2-gv94-2wf4',
391 silly audit report       title: 'Next.js: Server-Side Request Forgery in rewrites via attacker-controlled destination hostname',
391 silly audit report       severity: 'high',
391 silly audit report       vulnerable_versions: '>=16.0.0 <16.2.11',
391 silly audit report       cwe: [Array],
391 silly audit report       cvss: [Object]
391 silly audit report     },
391 silly audit report     {
391 silly audit report       id: 1124194,
391 silly audit report       url: 'https://github.com/advisories/GHSA-q8wf-6r8g-63ch',
391 silly audit report       title: 'Next.js: Denial of Service in the Image Optimization API using SVGs',
391 silly audit report       severity: 'moderate',
391 silly audit report       vulnerable_versions: '>=16.0.0 <16.2.11',
391 silly audit report       cwe: [Array],
391 silly audit report       cvss: [Object]
391 silly audit report     },
391 silly audit report     {
391 silly audit report       id: 1124196,
391 silly audit report       url: 'https://github.com/advisories/GHSA-955p-x3mx-jcvp',
391 silly audit report       title: 'Next.js: Unauthenticated disclosure of internal Server Function endpoints',
391 silly audit report       severity: 'moderate',
391 silly audit report       vulnerable_versions: '>=16.0.0 <16.2.11',
391 silly audit report       cwe: [Array],
391 silly audit report       cvss: [Object]
391 silly audit report     }
391 silly audit report   ],
391 silly audit report   postcss: [
391 silly audit report     {
391 silly audit report       id: 1130709,
391 silly audit report       url: 'https://github.com/advisories/GHSA-fxqj-rqcc-2cmp',
391 silly audit report       title: 'PostCSS: incomplete fix of GHSA-6g55-p6wh-862q — attacker-controlled sourceMappingURL reads arbitrary .map files when `from` is unset',
391 silly audit report       severity: 'moderate',
391 silly audit report       vulnerable_versions: '<=8.5.22',
391 silly audit report       cwe: [Array],
391 silly audit report       cvss: [Object]
391 silly audit report     },
391 silly audit report     {
391 silly audit report       id: 1117015,
391 silly audit report       url: 'https://github.com/advisories/GHSA-qx2v-qp2m-jg93',
391 silly audit report       title: 'PostCSS has XSS via Unescaped </style> in its CSS Stringify Output',
391 silly audit report       severity: 'moderate',
391 silly audit report       vulnerable_versions: '<8.5.10',
391 silly audit report       cwe: [Array],
391 silly audit report       cvss: [Object]
391 silly audit report     },
391 silly audit report     {
391 silly audit report       id: 1124252,
391 silly audit report       url: 'https://github.com/advisories/GHSA-6g55-p6wh-862q',
391 silly audit report       title: 'PostCSS: Arbitrary file read and information disclosure via attacker-controlled sourceMappingURL in CSS comments',
391 silly audit report       severity: 'high',
391 silly audit report       vulnerable_versions: '<=8.5.11',
391 silly audit report       cwe: [Array],
391 silly audit report       cvss: [Object]
391 silly audit report     },
391 silly audit report     {
391 silly audit report       id: 1139510,
391 silly audit report       url: 'https://github.com/advisories/GHSA-r28c-9q8g-f849',
391 silly audit report       title: 'PostCSS: Path Traversal in Previous Source Map Auto-Loading (sourceMappingURL) leads to Arbitrary .map File Disclosure',
391 silly audit report       severity: 'high',
391 silly audit report       vulnerable_versions: '<=8.5.17',
391 silly audit report       cwe: [Array],
391 silly audit report       cvss: [Object]
391 silly audit report     }
391 silly audit report   ],
391 silly audit report   sharp: [
391 silly audit report     {
391 silly audit report       id: 1124066,
391 silly audit report       url: 'https://github.com/advisories/GHSA-f88m-g3jw-g9cj',
391 silly audit report       title: 'sharp inherited vulnerabilities in libvips: CVE-2026-33327, CVE-2026-33328, CVE-2026-35590, CVE-2026-35591',
391 silly audit report       severity: 'high',
391 silly audit report       vulnerable_versions: '<0.35.0',
391 silly audit report       cwe: [Array],
391 silly audit report       cvss: [Object]
391 silly audit report     }
391 silly audit report   ]
391 silly audit report }
392 silly packumentCache corgi:https://registry.npmjs.org/@babel%2fcore cache-miss
393 silly packumentCache corgi:https://registry.npmjs.org/brace-expansion cache-miss
394 silly packumentCache corgi:https://registry.npmjs.org/@xmldom%2fxmldom cache-miss
395 silly packumentCache corgi:https://registry.npmjs.org/js-yaml cache-miss
396 silly packumentCache corgi:https://registry.npmjs.org/nanoid cache-miss
397 silly packumentCache corgi:https://registry.npmjs.org/next cache-miss
398 silly packumentCache corgi:https://registry.npmjs.org/postcss cache-miss
399 silly packumentCache corgi:https://registry.npmjs.org/sharp cache-miss
400 http cache picomatch@https://registry.npmjs.org/picomatch/-/picomatch-4.0.4.tgz 0ms (cache hit)
401 http cache jiti@https://registry.npmjs.org/jiti/-/jiti-1.21.7.tgz 0ms (cache hit)
402 http cache fdir@https://registry.npmjs.org/fdir/-/fdir-6.5.0.tgz 0ms (cache hit)
403 http cache fast-glob@https://registry.npmjs.org/fast-glob/-/fast-glob-3.3.3.tgz 0ms (cache hit)
404 http cache glob-parent@https://registry.npmjs.org/glob-parent/-/glob-parent-5.1.2.tgz 0ms (cache hit)
405 http cache glob-parent@https://registry.npmjs.org/glob-parent/-/glob-parent-5.1.2.tgz 1ms (cache hit)
406 http cache semver@https://registry.npmjs.org/semver/-/semver-6.3.1.tgz 0ms (cache hit)
407 http cache semver@https://registry.npmjs.org/semver/-/semver-6.3.1.tgz 0ms (cache hit)
408 http cache resolve@https://registry.npmjs.org/resolve/-/resolve-2.0.0-next.6.tgz 0ms (cache hit)
409 http cache postcss@https://registry.npmjs.org/postcss/-/postcss-8.4.31.tgz 0ms (cache hit)
410 http cache semver@https://registry.npmjs.org/semver/-/semver-6.3.1.tgz 0ms (cache hit)
411 http cache debug@https://registry.npmjs.org/debug/-/debug-3.2.7.tgz 0ms (cache hit)
412 http cache globals@https://registry.npmjs.org/globals/-/globals-16.4.0.tgz 0ms (cache hit)
413 http cache debug@https://registry.npmjs.org/debug/-/debug-3.2.7.tgz 0ms (cache hit)
414 http cache debug@https://registry.npmjs.org/debug/-/debug-3.2.7.tgz 0ms (cache hit)
415 http cache glob-parent@https://registry.npmjs.org/glob-parent/-/glob-parent-5.1.2.tgz 0ms (cache hit)
416 http cache eslint-visitor-keys@https://registry.npmjs.org/eslint-visitor-keys/-/eslint-visitor-keys-5.0.1.tgz 0ms (cache hit)
417 http cache minimatch@https://registry.npmjs.org/minimatch/-/minimatch-10.2.4.tgz 0ms (cache hit)
418 http cache brace-expansion@https://registry.npmjs.org/brace-expansion/-/brace-expansion-5.0.5.tgz 0ms (cache hit)
419 http cache balanced-match@https://registry.npmjs.org/balanced-match/-/balanced-match-4.0.4.tgz 0ms (cache hit)
420 http cache ignore@https://registry.npmjs.org/ignore/-/ignore-7.0.5.tgz 0ms (cache hit)
421 http cache tailwindcss@https://registry.npmjs.org/tailwindcss/-/tailwindcss-4.2.2.tgz 0ms (cache hit)
422 http cache tailwindcss@https://registry.npmjs.org/tailwindcss/-/tailwindcss-4.2.2.tgz 0ms (cache hit)
423 http cache eslint-visitor-keys@https://registry.npmjs.org/eslint-visitor-keys/-/eslint-visitor-keys-3.4.3.tgz 0ms (cache hit)
424 http cache semver@https://registry.npmjs.org/semver/-/semver-6.3.1.tgz 0ms (cache hit)
425 http cache semver@https://registry.npmjs.org/semver/-/semver-6.3.1.tgz 1ms (cache hit)
426 http cache json5@https://registry.npmjs.org/json5/-/json5-2.2.3.tgz 0ms (cache hit)
427 http cache word-wrap@https://registry.npmjs.org/word-wrap/-/word-wrap-1.2.5.tgz 0ms (cache hit)
428 silly tarball no local data for zod-validation-error@https://registry.npmjs.org/zod-validation-error/-/zod-validation-error-4.0.2.tgz. Extracting by manifest.
429 silly tarball no local data for zod@https://registry.npmjs.org/zod/-/zod-4.3.6.tgz. Extracting by manifest.
430 silly tarball no local data for yallist@https://registry.npmjs.org/yallist/-/yallist-3.1.1.tgz. Extracting by manifest.
431 silly tarball no local data for yocto-queue@https://registry.npmjs.org/yocto-queue/-/yocto-queue-0.1.0.tgz. Extracting by manifest.
432 silly tarball no local data for which-typed-array@https://registry.npmjs.org/which-typed-array/-/which-typed-array-1.1.20.tgz. Extracting by manifest.
433 silly tarball no local data for which-collection@https://registry.npmjs.org/which-collection/-/which-collection-1.0.2.tgz. Extracting by manifest.
434 silly tarball no local data for which-builtin-type@https://registry.npmjs.org/which-builtin-type/-/which-builtin-type-1.2.1.tgz. Extracting by manifest.
435 silly tarball no local data for which-boxed-primitive@https://registry.npmjs.org/which-boxed-primitive/-/which-boxed-primitive-1.1.1.tgz. Extracting by manifest.
436 silly tarball no local data for util-deprecate@https://registry.npmjs.org/util-deprecate/-/util-deprecate-1.0.2.tgz. Extracting by manifest.
437 silly tarball no local data for uri-js@https://registry.npmjs.org/uri-js/-/uri-js-4.4.1.tgz. Extracting by manifest.
438 silly tarball no local data for update-browserslist-db@https://registry.npmjs.org/update-browserslist-db/-/update-browserslist-db-1.2.3.tgz. Extracting by manifest.
439 silly tarball no local data for unrs-resolver@https://registry.npmjs.org/unrs-resolver/-/unrs-resolver-1.11.1.tgz. Extracting by manifest.
440 silly tarball no local data for undici-types@https://registry.npmjs.org/undici-types/-/undici-types-6.21.0.tgz. Extracting by manifest.
441 silly tarball no local data for unbox-primitive@https://registry.npmjs.org/unbox-primitive/-/unbox-primitive-1.1.0.tgz. Extracting by manifest.
442 silly tarball no local data for typescript-eslint@https://registry.npmjs.org/typescript-eslint/-/typescript-eslint-8.57.1.tgz. Extracting by manifest.
443 silly tarball no local data for typescript@https://registry.npmjs.org/typescript/-/typescript-5.9.3.tgz. Extracting by manifest.
444 silly tarball no local data for which@https://registry.npmjs.org/which/-/which-2.0.2.tgz. Extracting by manifest.
445 silly tarball no local data for typed-array-length@https://registry.npmjs.org/typed-array-length/-/typed-array-length-1.0.7.tgz. Extracting by manifest.
446 silly tarball no local data for typed-array-byte-offset@https://registry.npmjs.org/typed-array-byte-offset/-/typed-array-byte-offset-1.0.4.tgz. Extracting by manifest.
447 silly tarball no local data for typed-array-byte-length@https://registry.npmjs.org/typed-array-byte-length/-/typed-array-byte-length-1.0.3.tgz. Extracting by manifest.
448 silly tarball no local data for typed-array-buffer@https://registry.npmjs.org/typed-array-buffer/-/typed-array-buffer-1.0.3.tgz. Extracting by manifest.
449 silly tarball no local data for type-check@https://registry.npmjs.org/type-check/-/type-check-0.4.0.tgz. Extracting by manifest.
450 silly tarball no local data for tslib@https://registry.npmjs.org/tslib/-/tslib-2.8.1.tgz. Extracting by manifest.
451 silly tarball no local data for tsconfig-paths@https://registry.npmjs.org/tsconfig-paths/-/tsconfig-paths-3.15.0.tgz. Extracting by manifest.
452 silly tarball no local data for ts-interface-checker@https://registry.npmjs.org/ts-interface-checker/-/ts-interface-checker-0.1.13.tgz. Extracting by manifest.
453 silly tarball no local data for ts-api-utils@https://registry.npmjs.org/ts-api-utils/-/ts-api-utils-2.5.0.tgz. Extracting by manifest.
454 silly tarball no local data for to-regex-range@https://registry.npmjs.org/to-regex-range/-/to-regex-range-5.0.1.tgz. Extracting by manifest.
455 silly tarball no local data for tinyglobby@https://registry.npmjs.org/tinyglobby/-/tinyglobby-0.2.15.tgz. Extracting by manifest.
456 silly tarball no local data for thenify-all@https://registry.npmjs.org/thenify-all/-/thenify-all-1.6.0.tgz. Extracting by manifest.
457 silly tarball no local data for thenify@https://registry.npmjs.org/thenify/-/thenify-3.3.1.tgz. Extracting by manifest.
458 silly tarball no local data for tapable@https://registry.npmjs.org/tapable/-/tapable-2.3.0.tgz. Extracting by manifest.
459 silly tarball no local data for tailwindcss@https://registry.npmjs.org/tailwindcss/-/tailwindcss-3.4.19.tgz. Extracting by manifest.
460 silly tarball no local data for supports-preserve-symlinks-flag@https://registry.npmjs.org/supports-preserve-symlinks-flag/-/supports-preserve-symlinks-flag-1.0.0.tgz. Extracting by manifest.
461 silly tarball no local data for supports-color@https://registry.npmjs.org/supports-color/-/supports-color-7.2.0.tgz. Extracting by manifest.
462 silly tarball no local data for sucrase@https://registry.npmjs.org/sucrase/-/sucrase-3.35.1.tgz. Extracting by manifest.
463 silly tarball no local data for styled-jsx@https://registry.npmjs.org/styled-jsx/-/styled-jsx-5.1.6.tgz. Extracting by manifest.
464 silly tarball no local data for strip-json-comments@https://registry.npmjs.org/strip-json-comments/-/strip-json-comments-3.1.1.tgz. Extracting by manifest.
465 silly tarball no local data for strip-bom@https://registry.npmjs.org/strip-bom/-/strip-bom-3.0.0.tgz. Extracting by manifest.
466 silly tarball no local data for string.prototype.trimstart@https://registry.npmjs.org/string.prototype.trimstart/-/string.prototype.trimstart-1.0.8.tgz. Extracting by manifest.
467 silly tarball no local data for string.prototype.trimend@https://registry.npmjs.org/string.prototype.trimend/-/string.prototype.trimend-1.0.9.tgz. Extracting by manifest.
468 silly tarball no local data for string.prototype.trim@https://registry.npmjs.org/string.prototype.trim/-/string.prototype.trim-1.2.10.tgz. Extracting by manifest.
469 silly tarball no local data for string.prototype.repeat@https://registry.npmjs.org/string.prototype.repeat/-/string.prototype.repeat-1.0.0.tgz. Extracting by manifest.
470 silly tarball no local data for string.prototype.matchall@https://registry.npmjs.org/string.prototype.matchall/-/string.prototype.matchall-4.0.12.tgz. Extracting by manifest.
471 silly tarball no local data for string.prototype.includes@https://registry.npmjs.org/string.prototype.includes/-/string.prototype.includes-2.0.1.tgz. Extracting by manifest.
472 silly tarball no local data for stop-iteration-iterator@https://registry.npmjs.org/stop-iteration-iterator/-/stop-iteration-iterator-1.1.0.tgz. Extracting by manifest.
473 silly tarball no local data for source-map-js@https://registry.npmjs.org/source-map-js/-/source-map-js-1.2.1.tgz. Extracting by manifest.
474 silly tarball no local data for side-channel-weakmap@https://registry.npmjs.org/side-channel-weakmap/-/side-channel-weakmap-1.0.2.tgz. Extracting by manifest.
475 silly tarball no local data for side-channel-map@https://registry.npmjs.org/side-channel-map/-/side-channel-map-1.0.1.tgz. Extracting by manifest.
476 silly tarball no local data for stable-hash@https://registry.npmjs.org/stable-hash/-/stable-hash-0.0.5.tgz. Extracting by manifest.
477 silly tarball no local data for side-channel@https://registry.npmjs.org/side-channel/-/side-channel-1.1.0.tgz. Extracting by manifest.
478 silly tarball no local data for side-channel-list@https://registry.npmjs.org/side-channel-list/-/side-channel-list-1.0.0.tgz. Extracting by manifest.
479 silly tarball no local data for shebang-regex@https://registry.npmjs.org/shebang-regex/-/shebang-regex-3.0.0.tgz. Extracting by manifest.
480 silly tarball no local data for shebang-command@https://registry.npmjs.org/shebang-command/-/shebang-command-2.0.0.tgz. Extracting by manifest.
481 silly tarball no local data for set-proto@https://registry.npmjs.org/set-proto/-/set-proto-1.0.0.tgz. Extracting by manifest.
482 silly tarball no local data for sharp@https://registry.npmjs.org/sharp/-/sharp-0.34.5.tgz. Extracting by manifest.
483 silly tarball no local data for set-function-name@https://registry.npmjs.org/set-function-name/-/set-function-name-2.0.2.tgz. Extracting by manifest.
484 silly tarball no local data for set-function-length@https://registry.npmjs.org/set-function-length/-/set-function-length-1.2.2.tgz. Extracting by manifest.
485 silly tarball no local data for semver@https://registry.npmjs.org/semver/-/semver-7.7.4.tgz. Extracting by manifest.
486 silly tarball no local data for scheduler@https://registry.npmjs.org/scheduler/-/scheduler-0.27.0.tgz. Extracting by manifest.
487 silly tarball no local data for safe-regex-test@https://registry.npmjs.org/safe-regex-test/-/safe-regex-test-1.1.0.tgz. Extracting by manifest.
488 silly tarball no local data for safe-push-apply@https://registry.npmjs.org/safe-push-apply/-/safe-push-apply-1.0.0.tgz. Extracting by manifest.
489 silly tarball no local data for safe-array-concat@https://registry.npmjs.org/safe-array-concat/-/safe-array-concat-1.1.3.tgz. Extracting by manifest.
490 silly tarball no local data for run-parallel@https://registry.npmjs.org/run-parallel/-/run-parallel-1.2.0.tgz. Extracting by manifest.
491 silly tarball no local data for resolve-pkg-maps@https://registry.npmjs.org/resolve-pkg-maps/-/resolve-pkg-maps-1.0.0.tgz. Extracting by manifest.
492 silly tarball no local data for reusify@https://registry.npmjs.org/reusify/-/reusify-1.1.0.tgz. Extracting by manifest.
493 silly tarball no local data for resolve-from@https://registry.npmjs.org/resolve-from/-/resolve-from-4.0.0.tgz. Extracting by manifest.
494 silly tarball no local data for resolve@https://registry.npmjs.org/resolve/-/resolve-1.22.11.tgz. Extracting by manifest.
495 silly tarball no local data for reflect.getprototypeof@https://registry.npmjs.org/reflect.getprototypeof/-/reflect.getprototypeof-1.0.10.tgz. Extracting by manifest.
496 silly tarball no local data for regexp.prototype.flags@https://registry.npmjs.org/regexp.prototype.flags/-/regexp.prototype.flags-1.5.4.tgz. Extracting by manifest.
497 silly tarball no local data for readdirp@https://registry.npmjs.org/readdirp/-/readdirp-3.6.0.tgz. Extracting by manifest.
498 silly tarball no local data for read-cache@https://registry.npmjs.org/read-cache/-/read-cache-1.0.0.tgz. Extracting by manifest.
499 silly tarball no local data for react-leaflet@https://registry.npmjs.org/react-leaflet/-/react-leaflet-5.0.0.tgz. Extracting by manifest.
500 silly tarball no local data for react-dom@https://registry.npmjs.org/react-dom/-/react-dom-19.2.4.tgz. Extracting by manifest.
501 silly tarball no local data for react@https://registry.npmjs.org/react/-/react-19.2.4.tgz. Extracting by manifest.
502 silly tarball no local data for react-is@https://registry.npmjs.org/react-is/-/react-is-16.13.1.tgz. Extracting by manifest.
503 silly tarball no local data for queue-microtask@https://registry.npmjs.org/queue-microtask/-/queue-microtask-1.2.3.tgz. Extracting by manifest.
504 silly tarball no local data for punycode@https://registry.npmjs.org/punycode/-/punycode-2.3.1.tgz. Extracting by manifest.
505 silly tarball no local data for prop-types@https://registry.npmjs.org/prop-types/-/prop-types-15.8.1.tgz. Extracting by manifest.
506 silly tarball no local data for prelude-ls@https://registry.npmjs.org/prelude-ls/-/prelude-ls-1.2.1.tgz. Extracting by manifest.
507 silly tarball no local data for postcss-value-parser@https://registry.npmjs.org/postcss-value-parser/-/postcss-value-parser-4.2.0.tgz. Extracting by manifest.
508 silly tarball no local data for postcss-selector-parser@https://registry.npmjs.org/postcss-selector-parser/-/postcss-selector-parser-6.1.2.tgz. Extracting by manifest.
509 silly tarball no local data for postcss-nested@https://registry.npmjs.org/postcss-nested/-/postcss-nested-6.2.0.tgz. Extracting by manifest.
510 silly tarball no local data for postcss-load-config@https://registry.npmjs.org/postcss-load-config/-/postcss-load-config-6.0.1.tgz. Extracting by manifest.
511 silly tarball no local data for postcss-js@https://registry.npmjs.org/postcss-js/-/postcss-js-4.1.0.tgz. Extracting by manifest.
512 silly tarball no local data for postcss-import@https://registry.npmjs.org/postcss-import/-/postcss-import-15.1.0.tgz. Extracting by manifest.
513 silly tarball no local data for postcss@https://registry.npmjs.org/postcss/-/postcss-8.5.8.tgz. Extracting by manifest.
514 silly tarball no local data for possible-typed-array-names@https://registry.npmjs.org/possible-typed-array-names/-/possible-typed-array-names-1.1.0.tgz. Extracting by manifest.
515 silly tarball no local data for pirates@https://registry.npmjs.org/pirates/-/pirates-4.0.7.tgz. Extracting by manifest.
516 silly tarball no local data for pify@https://registry.npmjs.org/pify/-/pify-2.3.0.tgz. Extracting by manifest.
517 silly tarball no local data for picomatch@https://registry.npmjs.org/picomatch/-/picomatch-2.3.2.tgz. Extracting by manifest.
518 silly tarball no local data for picocolors@https://registry.npmjs.org/picocolors/-/picocolors-1.1.1.tgz. Extracting by manifest.
519 silly tarball no local data for path-parse@https://registry.npmjs.org/path-parse/-/path-parse-1.0.7.tgz. Extracting by manifest.
520 silly tarball no local data for path-exists@https://registry.npmjs.org/path-exists/-/path-exists-4.0.0.tgz. Extracting by manifest.
521 silly tarball no local data for parent-module@https://registry.npmjs.org/parent-module/-/parent-module-1.0.1.tgz. Extracting by manifest.
522 silly tarball no local data for p-locate@https://registry.npmjs.org/p-locate/-/p-locate-5.0.0.tgz. Extracting by manifest.
523 silly tarball no local data for path-key@https://registry.npmjs.org/path-key/-/path-key-3.1.1.tgz. Extracting by manifest.
524 silly tarball no local data for p-limit@https://registry.npmjs.org/p-limit/-/p-limit-3.1.0.tgz. Extracting by manifest.
525 silly tarball no local data for own-keys@https://registry.npmjs.org/own-keys/-/own-keys-1.0.1.tgz. Extracting by manifest.
526 silly tarball no local data for optionator@https://registry.npmjs.org/optionator/-/optionator-0.9.4.tgz. Extracting by manifest.
527 silly tarball no local data for object.values@https://registry.npmjs.org/object.values/-/object.values-1.2.1.tgz. Extracting by manifest.
528 silly tarball no local data for object.groupby@https://registry.npmjs.org/object.groupby/-/object.groupby-1.0.3.tgz. Extracting by manifest.
529 silly tarball no local data for object.fromentries@https://registry.npmjs.org/object.fromentries/-/object.fromentries-2.0.8.tgz. Extracting by manifest.
530 silly tarball no local data for object.entries@https://registry.npmjs.org/object.entries/-/object.entries-1.1.9.tgz. Extracting by manifest.
531 silly tarball no local data for object.assign@https://registry.npmjs.org/object.assign/-/object.assign-4.1.7.tgz. Extracting by manifest.
532 silly tarball no local data for object-inspect@https://registry.npmjs.org/object-inspect/-/object-inspect-1.13.4.tgz. Extracting by manifest.
533 silly tarball no local data for object-assign@https://registry.npmjs.org/object-assign/-/object-assign-4.1.1.tgz. Extracting by manifest.
534 silly tarball no local data for normalize-path@https://registry.npmjs.org/normalize-path/-/normalize-path-3.0.0.tgz. Extracting by manifest.
535 silly tarball no local data for object-keys@https://registry.npmjs.org/object-keys/-/object-keys-1.1.1.tgz. Extracting by manifest.
536 silly tarball no local data for node-releases@https://registry.npmjs.org/node-releases/-/node-releases-2.0.36.tgz. Extracting by manifest.
537 silly tarball no local data for object-hash@https://registry.npmjs.org/object-hash/-/object-hash-3.0.0.tgz. Extracting by manifest.
538 silly tarball no local data for node-exports-info@https://registry.npmjs.org/node-exports-info/-/node-exports-info-1.6.0.tgz. Extracting by manifest.
539 silly tarball no local data for next@https://registry.npmjs.org/next/-/next-16.2.9.tgz. Extracting by manifest.
540 silly tarball no local data for natural-compare@https://registry.npmjs.org/natural-compare/-/natural-compare-1.4.0.tgz. Extracting by manifest.
541 silly tarball no local data for nanoid@https://registry.npmjs.org/nanoid/-/nanoid-3.3.11.tgz. Extracting by manifest.
542 silly tarball no local data for mz@https://registry.npmjs.org/mz/-/mz-2.7.0.tgz. Extracting by manifest.
543 silly tarball no local data for ms@https://registry.npmjs.org/ms/-/ms-2.1.3.tgz. Extracting by manifest.
544 silly tarball no local data for napi-postinstall@https://registry.npmjs.org/napi-postinstall/-/napi-postinstall-0.3.4.tgz. Extracting by manifest.
545 silly tarball no local data for minimist@https://registry.npmjs.org/minimist/-/minimist-1.2.8.tgz. Extracting by manifest.
546 silly tarball no local data for minimatch@https://registry.npmjs.org/minimatch/-/minimatch-3.1.5.tgz. Extracting by manifest.
547 silly tarball no local data for mini-svg-data-uri@https://registry.npmjs.org/mini-svg-data-uri/-/mini-svg-data-uri-1.4.4.tgz. Extracting by manifest.
548 silly tarball no local data for micromatch@https://registry.npmjs.org/micromatch/-/micromatch-4.0.8.tgz. Extracting by manifest.
549 silly tarball no local data for merge2@https://registry.npmjs.org/merge2/-/merge2-1.4.1.tgz. Extracting by manifest.
550 silly tarball no local data for math-intrinsics@https://registry.npmjs.org/math-intrinsics/-/math-intrinsics-1.1.0.tgz. Extracting by manifest.
551 silly tarball no local data for magic-string@https://registry.npmjs.org/magic-string/-/magic-string-0.30.21.tgz. Extracting by manifest.
552 silly tarball no local data for lru-cache@https://registry.npmjs.org/lru-cache/-/lru-cache-5.1.1.tgz. Extracting by manifest.
553 silly tarball no local data for lodash.merge@https://registry.npmjs.org/lodash.merge/-/lodash.merge-4.6.2.tgz. Extracting by manifest.
554 silly tarball no local data for loose-envify@https://registry.npmjs.org/loose-envify/-/loose-envify-1.4.0.tgz. Extracting by manifest.
555 silly tarball no local data for locate-path@https://registry.npmjs.org/locate-path/-/locate-path-6.0.0.tgz. Extracting by manifest.
556 silly tarball no local data for lines-and-columns@https://registry.npmjs.org/lines-and-columns/-/lines-and-columns-1.2.4.tgz. Extracting by manifest.
557 silly tarball no local data for lilconfig@https://registry.npmjs.org/lilconfig/-/lilconfig-3.1.3.tgz. Extracting by manifest.
558 silly tarball no local data for lightningcss-android-arm64@https://registry.npmjs.org/lightningcss-android-arm64/-/lightningcss-android-arm64-1.32.0.tgz. Extracting by manifest.
559 silly tarball no local data for lightningcss@https://registry.npmjs.org/lightningcss/-/lightningcss-1.32.0.tgz. Extracting by manifest.
560 silly tarball no local data for levn@https://registry.npmjs.org/levn/-/levn-0.4.1.tgz. Extracting by manifest.
561 silly tarball no local data for leaflet@https://registry.npmjs.org/leaflet/-/leaflet-1.9.4.tgz. Extracting by manifest.
562 silly tarball no local data for language-tags@https://registry.npmjs.org/language-tags/-/language-tags-1.0.9.tgz. Extracting by manifest.
563 silly tarball no local data for language-subtag-registry@https://registry.npmjs.org/language-subtag-registry/-/language-subtag-registry-0.3.23.tgz. Extracting by manifest.
564 silly tarball no local data for keyv@https://registry.npmjs.org/keyv/-/keyv-4.5.4.tgz. Extracting by manifest.
565 silly tarball no local data for jsx-ast-utils@https://registry.npmjs.org/jsx-ast-utils/-/jsx-ast-utils-3.3.5.tgz. Extracting by manifest.
566 silly tarball no local data for json5@https://registry.npmjs.org/json5/-/json5-1.0.2.tgz. Extracting by manifest.
567 silly tarball no local data for json-stable-stringify-without-jsonify@https://registry.npmjs.org/json-stable-stringify-without-jsonify/-/json-stable-stringify-without-jsonify-1.0.1.tgz. Extracting by manifest.
568 silly tarball no local data for json-schema-traverse@https://registry.npmjs.org/json-schema-traverse/-/json-schema-traverse-0.4.1.tgz. Extracting by manifest.
569 silly tarball no local data for json-buffer@https://registry.npmjs.org/json-buffer/-/json-buffer-3.0.1.tgz. Extracting by manifest.
570 silly tarball no local data for jsesc@https://registry.npmjs.org/jsesc/-/jsesc-3.1.0.tgz. Extracting by manifest.
571 silly tarball no local data for js-yaml@https://registry.npmjs.org/js-yaml/-/js-yaml-4.1.1.tgz. Extracting by manifest.
572 silly tarball no local data for js-tokens@https://registry.npmjs.org/js-tokens/-/js-tokens-4.0.0.tgz. Extracting by manifest.
573 silly tarball no local data for jiti@https://registry.npmjs.org/jiti/-/jiti-2.6.1.tgz. Extracting by manifest.
574 silly tarball no local data for iterator.prototype@https://registry.npmjs.org/iterator.prototype/-/iterator.prototype-1.1.5.tgz. Extracting by manifest.
575 silly tarball no local data for isexe@https://registry.npmjs.org/isexe/-/isexe-2.0.0.tgz. Extracting by manifest.
576 silly tarball no local data for isarray@https://registry.npmjs.org/isarray/-/isarray-2.0.5.tgz. Extracting by manifest.
577 silly tarball no local data for is-weakset@https://registry.npmjs.org/is-weakset/-/is-weakset-2.0.4.tgz. Extracting by manifest.
578 silly tarball no local data for is-weakref@https://registry.npmjs.org/is-weakref/-/is-weakref-1.1.1.tgz. Extracting by manifest.
579 silly tarball no local data for is-weakmap@https://registry.npmjs.org/is-weakmap/-/is-weakmap-2.0.2.tgz. Extracting by manifest.
580 silly tarball no local data for is-typed-array@https://registry.npmjs.org/is-typed-array/-/is-typed-array-1.1.15.tgz. Extracting by manifest.
581 silly tarball no local data for is-symbol@https://registry.npmjs.org/is-symbol/-/is-symbol-1.1.1.tgz. Extracting by manifest.
582 silly tarball no local data for is-string@https://registry.npmjs.org/is-string/-/is-string-1.1.1.tgz. Extracting by manifest.
583 silly tarball no local data for is-shared-array-buffer@https://registry.npmjs.org/is-shared-array-buffer/-/is-shared-array-buffer-1.0.4.tgz. Extracting by manifest.
584 silly tarball no local data for is-set@https://registry.npmjs.org/is-set/-/is-set-2.0.3.tgz. Extracting by manifest.
585 silly tarball no local data for is-regex@https://registry.npmjs.org/is-regex/-/is-regex-1.2.1.tgz. Extracting by manifest.
586 silly tarball no local data for is-number-object@https://registry.npmjs.org/is-number-object/-/is-number-object-1.1.1.tgz. Extracting by manifest.
587 silly tarball no local data for is-number@https://registry.npmjs.org/is-number/-/is-number-7.0.0.tgz. Extracting by manifest.
588 silly tarball no local data for is-negative-zero@https://registry.npmjs.org/is-negative-zero/-/is-negative-zero-2.0.3.tgz. Extracting by manifest.
589 silly tarball no local data for is-map@https://registry.npmjs.org/is-map/-/is-map-2.0.3.tgz. Extracting by manifest.
590 silly tarball no local data for is-glob@https://registry.npmjs.org/is-glob/-/is-glob-4.0.3.tgz. Extracting by manifest.
591 silly tarball no local data for is-generator-function@https://registry.npmjs.org/is-generator-function/-/is-generator-function-1.1.2.tgz. Extracting by manifest.
592 silly tarball no local data for is-finalizationregistry@https://registry.npmjs.org/is-finalizationregistry/-/is-finalizationregistry-1.1.1.tgz. Extracting by manifest.
593 silly tarball no local data for is-extglob@https://registry.npmjs.org/is-extglob/-/is-extglob-2.1.1.tgz. Extracting by manifest.
594 silly tarball no local data for is-date-object@https://registry.npmjs.org/is-date-object/-/is-date-object-1.1.0.tgz. Extracting by manifest.
595 silly tarball no local data for is-data-view@https://registry.npmjs.org/is-data-view/-/is-data-view-1.0.2.tgz. Extracting by manifest.
596 silly tarball no local data for is-core-module@https://registry.npmjs.org/is-core-module/-/is-core-module-2.16.1.tgz. Extracting by manifest.
597 silly tarball no local data for is-callable@https://registry.npmjs.org/is-callable/-/is-callable-1.2.7.tgz. Extracting by manifest.
598 silly tarball no local data for is-bun-module@https://registry.npmjs.org/is-bun-module/-/is-bun-module-2.0.0.tgz. Extracting by manifest.
599 silly tarball no local data for is-boolean-object@https://registry.npmjs.org/is-boolean-object/-/is-boolean-object-1.2.2.tgz. Extracting by manifest.
600 silly tarball no local data for is-binary-path@https://registry.npmjs.org/is-binary-path/-/is-binary-path-2.1.0.tgz. Extracting by manifest.
601 silly tarball no local data for is-bigint@https://registry.npmjs.org/is-bigint/-/is-bigint-1.1.0.tgz. Extracting by manifest.
602 silly tarball no local data for is-async-function@https://registry.npmjs.org/is-async-function/-/is-async-function-2.1.1.tgz. Extracting by manifest.
603 silly tarball no local data for is-array-buffer@https://registry.npmjs.org/is-array-buffer/-/is-array-buffer-3.0.5.tgz. Extracting by manifest.
604 silly tarball no local data for internal-slot@https://registry.npmjs.org/internal-slot/-/internal-slot-1.1.0.tgz. Extracting by manifest.
605 silly tarball no local data for imurmurhash@https://registry.npmjs.org/imurmurhash/-/imurmurhash-0.1.4.tgz. Extracting by manifest.
606 silly tarball no local data for import-fresh@https://registry.npmjs.org/import-fresh/-/import-fresh-3.3.1.tgz. Extracting by manifest.
607 silly tarball no local data for ignore@https://registry.npmjs.org/ignore/-/ignore-5.3.2.tgz. Extracting by manifest.
608 silly tarball no local data for hermes-parser@https://registry.npmjs.org/hermes-parser/-/hermes-parser-0.25.1.tgz. Extracting by manifest.
609 silly tarball no local data for hermes-estree@https://registry.npmjs.org/hermes-estree/-/hermes-estree-0.25.1.tgz. Extracting by manifest.
610 silly tarball no local data for hasown@https://registry.npmjs.org/hasown/-/hasown-2.0.2.tgz. Extracting by manifest.
611 silly tarball no local data for has-tostringtag@https://registry.npmjs.org/has-tostringtag/-/has-tostringtag-1.0.2.tgz. Extracting by manifest.
612 silly tarball no local data for has-symbols@https://registry.npmjs.org/has-symbols/-/has-symbols-1.1.0.tgz. Extracting by manifest.
613 silly tarball no local data for has-proto@https://registry.npmjs.org/has-proto/-/has-proto-1.2.0.tgz. Extracting by manifest.
614 silly tarball no local data for has-property-descriptors@https://registry.npmjs.org/has-property-descriptors/-/has-property-descriptors-1.0.2.tgz. Extracting by manifest.
615 silly tarball no local data for has-flag@https://registry.npmjs.org/has-flag/-/has-flag-4.0.0.tgz. Extracting by manifest.
616 silly tarball no local data for has-bigints@https://registry.npmjs.org/has-bigints/-/has-bigints-1.1.0.tgz. Extracting by manifest.
617 silly tarball no local data for graceful-fs@https://registry.npmjs.org/graceful-fs/-/graceful-fs-4.2.11.tgz. Extracting by manifest.
618 silly tarball no local data for gopd@https://registry.npmjs.org/gopd/-/gopd-1.2.0.tgz. Extracting by manifest.
619 silly tarball no local data for globalthis@https://registry.npmjs.org/globalthis/-/globalthis-1.0.4.tgz. Extracting by manifest.
620 silly tarball no local data for globals@https://registry.npmjs.org/globals/-/globals-14.0.0.tgz. Extracting by manifest.
621 silly tarball no local data for glob-parent@https://registry.npmjs.org/glob-parent/-/glob-parent-6.0.2.tgz. Extracting by manifest.
622 silly tarball no local data for get-tsconfig@https://registry.npmjs.org/get-tsconfig/-/get-tsconfig-4.13.6.tgz. Extracting by manifest.
623 silly tarball no local data for get-symbol-description@https://registry.npmjs.org/get-symbol-description/-/get-symbol-description-1.1.0.tgz. Extracting by manifest.
624 silly tarball no local data for get-proto@https://registry.npmjs.org/get-proto/-/get-proto-1.0.1.tgz. Extracting by manifest.
625 silly tarball no local data for get-intrinsic@https://registry.npmjs.org/get-intrinsic/-/get-intrinsic-1.3.0.tgz. Extracting by manifest.
626 silly tarball no local data for gensync@https://registry.npmjs.org/gensync/-/gensync-1.0.0-beta.2.tgz. Extracting by manifest.
627 silly tarball no local data for generator-function@https://registry.npmjs.org/generator-function/-/generator-function-2.0.1.tgz. Extracting by manifest.
628 silly tarball no local data for functions-have-names@https://registry.npmjs.org/functions-have-names/-/functions-have-names-1.2.3.tgz. Extracting by manifest.
629 silly tarball no local data for function.prototype.name@https://registry.npmjs.org/function.prototype.name/-/function.prototype.name-1.1.8.tgz. Extracting by manifest.
630 silly tarball no local data for function-bind@https://registry.npmjs.org/function-bind/-/function-bind-1.1.2.tgz. Extracting by manifest.
631 silly tarball no local data for fraction.js@https://registry.npmjs.org/fraction.js/-/fraction.js-5.3.4.tgz. Extracting by manifest.
632 silly tarball no local data for for-each@https://registry.npmjs.org/for-each/-/for-each-0.3.5.tgz. Extracting by manifest.
633 silly tarball no local data for flatted@https://registry.npmjs.org/flatted/-/flatted-3.4.2.tgz. Extracting by manifest.
634 silly tarball no local data for flat-cache@https://registry.npmjs.org/flat-cache/-/flat-cache-4.0.1.tgz. Extracting by manifest.
635 silly tarball no local data for find-up@https://registry.npmjs.org/find-up/-/find-up-5.0.0.tgz. Extracting by manifest.
636 silly tarball no local data for fill-range@https://registry.npmjs.org/fill-range/-/fill-range-7.1.1.tgz. Extracting by manifest.
637 silly tarball no local data for file-entry-cache@https://registry.npmjs.org/file-entry-cache/-/file-entry-cache-8.0.0.tgz. Extracting by manifest.
638 silly tarball no local data for fastq@https://registry.npmjs.org/fastq/-/fastq-1.20.1.tgz. Extracting by manifest.
639 silly tarball no local data for fast-levenshtein@https://registry.npmjs.org/fast-levenshtein/-/fast-levenshtein-2.0.6.tgz. Extracting by manifest.
640 silly tarball no local data for fast-json-stable-stringify@https://registry.npmjs.org/fast-json-stable-stringify/-/fast-json-stable-stringify-2.1.0.tgz. Extracting by manifest.
641 silly tarball no local data for fast-glob@https://registry.npmjs.org/fast-glob/-/fast-glob-3.3.1.tgz. Extracting by manifest.
642 silly tarball no local data for esutils@https://registry.npmjs.org/esutils/-/esutils-2.0.3.tgz. Extracting by manifest.
643 silly tarball no local data for fast-deep-equal@https://registry.npmjs.org/fast-deep-equal/-/fast-deep-equal-3.1.3.tgz. Extracting by manifest.
644 silly tarball no local data for estraverse@https://registry.npmjs.org/estraverse/-/estraverse-5.3.0.tgz. Extracting by manifest.
645 silly tarball no local data for esrecurse@https://registry.npmjs.org/esrecurse/-/esrecurse-4.3.0.tgz. Extracting by manifest.
646 silly tarball no local data for esquery@https://registry.npmjs.org/esquery/-/esquery-1.7.0.tgz. Extracting by manifest.
647 silly tarball no local data for espree@https://registry.npmjs.org/espree/-/espree-10.4.0.tgz. Extracting by manifest.
648 silly tarball no local data for eslint-visitor-keys@https://registry.npmjs.org/eslint-visitor-keys/-/eslint-visitor-keys-4.2.1.tgz. Extracting by manifest.
649 silly tarball no local data for eslint-scope@https://registry.npmjs.org/eslint-scope/-/eslint-scope-8.4.0.tgz. Extracting by manifest.
650 silly tarball no local data for eslint-plugin-react@https://registry.npmjs.org/eslint-plugin-react/-/eslint-plugin-react-7.37.5.tgz. Extracting by manifest.
651 silly tarball no local data for eslint-plugin-react-hooks@https://registry.npmjs.org/eslint-plugin-react-hooks/-/eslint-plugin-react-hooks-7.0.1.tgz. Extracting by manifest.
652 silly tarball no local data for eslint-plugin-jsx-a11y@https://registry.npmjs.org/eslint-plugin-jsx-a11y/-/eslint-plugin-jsx-a11y-6.10.2.tgz. Extracting by manifest.
653 silly tarball no local data for eslint-plugin-import@https://registry.npmjs.org/eslint-plugin-import/-/eslint-plugin-import-2.32.0.tgz. Extracting by manifest.
654 silly tarball no local data for eslint-module-utils@https://registry.npmjs.org/eslint-module-utils/-/eslint-module-utils-2.12.1.tgz. Extracting by manifest.
655 silly tarball no local data for eslint-import-resolver-typescript@https://registry.npmjs.org/eslint-import-resolver-typescript/-/eslint-import-resolver-typescript-3.10.1.tgz. Extracting by manifest.
656 silly tarball no local data for eslint-import-resolver-node@https://registry.npmjs.org/eslint-import-resolver-node/-/eslint-import-resolver-node-0.3.9.tgz. Extracting by manifest.
657 silly tarball no local data for eslint-config-next@https://registry.npmjs.org/eslint-config-next/-/eslint-config-next-16.2.1.tgz. Extracting by manifest.
658 silly tarball no local data for eslint@https://registry.npmjs.org/eslint/-/eslint-9.39.4.tgz. Extracting by manifest.
659 silly tarball no local data for escape-string-regexp@https://registry.npmjs.org/escape-string-regexp/-/escape-string-regexp-4.0.0.tgz. Extracting by manifest.
660 silly tarball no local data for escalade@https://registry.npmjs.org/escalade/-/escalade-3.2.0.tgz. Extracting by manifest.
661 silly tarball no local data for es-to-primitive@https://registry.npmjs.org/es-to-primitive/-/es-to-primitive-1.3.0.tgz. Extracting by manifest.
662 silly tarball no local data for es-shim-unscopables@https://registry.npmjs.org/es-shim-unscopables/-/es-shim-unscopables-1.1.0.tgz. Extracting by manifest.
663 silly tarball no local data for es-set-tostringtag@https://registry.npmjs.org/es-set-tostringtag/-/es-set-tostringtag-2.1.0.tgz. Extracting by manifest.
664 silly tarball no local data for es-object-atoms@https://registry.npmjs.org/es-object-atoms/-/es-object-atoms-1.1.1.tgz. Extracting by manifest.
665 silly tarball no local data for es-iterator-helpers@https://registry.npmjs.org/es-iterator-helpers/-/es-iterator-helpers-1.3.1.tgz. Extracting by manifest.
666 silly tarball no local data for es-errors@https://registry.npmjs.org/es-errors/-/es-errors-1.3.0.tgz. Extracting by manifest.
667 silly tarball no local data for es-define-property@https://registry.npmjs.org/es-define-property/-/es-define-property-1.0.1.tgz. Extracting by manifest.
668 silly tarball no local data for es-abstract@https://registry.npmjs.org/es-abstract/-/es-abstract-1.24.1.tgz. Extracting by manifest.
669 silly tarball no local data for enhanced-resolve@https://registry.npmjs.org/enhanced-resolve/-/enhanced-resolve-5.20.1.tgz. Extracting by manifest.
670 silly tarball no local data for emoji-regex@https://registry.npmjs.org/emoji-regex/-/emoji-regex-9.2.2.tgz. Extracting by manifest.
671 silly tarball no local data for electron-to-chromium@https://registry.npmjs.org/electron-to-chromium/-/electron-to-chromium-1.5.321.tgz. Extracting by manifest.
672 silly tarball no local data for dunder-proto@https://registry.npmjs.org/dunder-proto/-/dunder-proto-1.0.1.tgz. Extracting by manifest.
673 silly tarball no local data for doctrine@https://registry.npmjs.org/doctrine/-/doctrine-2.1.0.tgz. Extracting by manifest.
674 silly tarball no local data for dlv@https://registry.npmjs.org/dlv/-/dlv-1.1.3.tgz. Extracting by manifest.
675 silly tarball no local data for didyoumean@https://registry.npmjs.org/didyoumean/-/didyoumean-1.2.2.tgz. Extracting by manifest.
676 silly tarball no local data for detect-libc@https://registry.npmjs.org/detect-libc/-/detect-libc-2.1.2.tgz. Extracting by manifest.
677 silly tarball no local data for define-properties@https://registry.npmjs.org/define-properties/-/define-properties-1.2.1.tgz. Extracting by manifest.
678 silly tarball no local data for deep-is@https://registry.npmjs.org/deep-is/-/deep-is-0.1.4.tgz. Extracting by manifest.
679 silly tarball no local data for debug@https://registry.npmjs.org/debug/-/debug-4.4.3.tgz. Extracting by manifest.
680 silly tarball no local data for data-view-byte-length@https://registry.npmjs.org/data-view-byte-length/-/data-view-byte-length-1.0.2.tgz. Extracting by manifest.
681 silly tarball no local data for data-view-buffer@https://registry.npmjs.org/data-view-buffer/-/data-view-buffer-1.0.2.tgz. Extracting by manifest.
682 silly tarball no local data for csstype@https://registry.npmjs.org/csstype/-/csstype-3.2.3.tgz. Extracting by manifest.
683 silly tarball no local data for damerau-levenshtein@https://registry.npmjs.org/damerau-levenshtein/-/damerau-levenshtein-1.0.8.tgz. Extracting by manifest.
684 silly tarball no local data for data-view-byte-offset@https://registry.npmjs.org/data-view-byte-offset/-/data-view-byte-offset-1.0.1.tgz. Extracting by manifest.
685 silly tarball no local data for cssesc@https://registry.npmjs.org/cssesc/-/cssesc-3.0.0.tgz. Extracting by manifest.
686 silly tarball no local data for cross-spawn@https://registry.npmjs.org/cross-spawn/-/cross-spawn-7.0.6.tgz. Extracting by manifest.
687 silly tarball no local data for convert-source-map@https://registry.npmjs.org/convert-source-map/-/convert-source-map-2.0.0.tgz. Extracting by manifest.
688 silly tarball no local data for concat-map@https://registry.npmjs.org/concat-map/-/concat-map-0.0.1.tgz. Extracting by manifest.
689 silly tarball no local data for commander@https://registry.npmjs.org/commander/-/commander-4.1.1.tgz. Extracting by manifest.
690 silly tarball no local data for color-name@https://registry.npmjs.org/color-name/-/color-name-1.1.4.tgz. Extracting by manifest.
691 silly tarball no local data for color-convert@https://registry.npmjs.org/color-convert/-/color-convert-2.0.1.tgz. Extracting by manifest.
692 silly tarball no local data for client-only@https://registry.npmjs.org/client-only/-/client-only-0.0.1.tgz. Extracting by manifest.
693 silly tarball no local data for chokidar@https://registry.npmjs.org/chokidar/-/chokidar-3.6.0.tgz. Extracting by manifest.
694 silly tarball no local data for chalk@https://registry.npmjs.org/chalk/-/chalk-4.1.2.tgz. Extracting by manifest.
695 silly tarball no local data for caniuse-lite@https://registry.npmjs.org/caniuse-lite/-/caniuse-lite-1.0.30001780.tgz. Extracting by manifest.
696 silly tarball no local data for camelcase-css@https://registry.npmjs.org/camelcase-css/-/camelcase-css-2.0.1.tgz. Extracting by manifest.
697 silly tarball no local data for callsites@https://registry.npmjs.org/callsites/-/callsites-3.1.0.tgz. Extracting by manifest.
698 silly tarball no local data for call-bound@https://registry.npmjs.org/call-bound/-/call-bound-1.0.4.tgz. Extracting by manifest.
699 silly tarball no local data for call-bind-apply-helpers@https://registry.npmjs.org/call-bind-apply-helpers/-/call-bind-apply-helpers-1.0.2.tgz. Extracting by manifest.
700 silly tarball no local data for call-bind@https://registry.npmjs.org/call-bind/-/call-bind-1.0.8.tgz. Extracting by manifest.
701 silly tarball no local data for browserslist@https://registry.npmjs.org/browserslist/-/browserslist-4.28.1.tgz. Extracting by manifest.
702 silly tarball no local data for braces@https://registry.npmjs.org/braces/-/braces-3.0.3.tgz. Extracting by manifest.
703 silly tarball no local data for brace-expansion@https://registry.npmjs.org/brace-expansion/-/brace-expansion-1.1.13.tgz. Extracting by manifest.
704 silly tarball no local data for binary-extensions@https://registry.npmjs.org/binary-extensions/-/binary-extensions-2.3.0.tgz. Extracting by manifest.
705 silly tarball no local data for baseline-browser-mapping@https://registry.npmjs.org/baseline-browser-mapping/-/baseline-browser-mapping-2.10.9.tgz. Extracting by manifest.
706 silly tarball no local data for balanced-match@https://registry.npmjs.org/balanced-match/-/balanced-match-1.0.2.tgz. Extracting by manifest.
707 silly tarball no local data for axobject-query@https://registry.npmjs.org/axobject-query/-/axobject-query-4.1.0.tgz. Extracting by manifest.
708 silly tarball no local data for axe-core@https://registry.npmjs.org/axe-core/-/axe-core-4.11.1.tgz. Extracting by manifest.
709 silly tarball no local data for available-typed-arrays@https://registry.npmjs.org/available-typed-arrays/-/available-typed-arrays-1.0.7.tgz. Extracting by manifest.
710 silly tarball no local data for autoprefixer@https://registry.npmjs.org/autoprefixer/-/autoprefixer-10.4.27.tgz. Extracting by manifest.
711 silly tarball no local data for async-function@https://registry.npmjs.org/async-function/-/async-function-1.0.0.tgz. Extracting by manifest.
712 silly tarball no local data for ast-types-flow@https://registry.npmjs.org/ast-types-flow/-/ast-types-flow-0.0.8.tgz. Extracting by manifest.
713 silly tarball no local data for arraybuffer.prototype.slice@https://registry.npmjs.org/arraybuffer.prototype.slice/-/arraybuffer.prototype.slice-1.0.4.tgz. Extracting by manifest.
714 silly tarball no local data for array.prototype.tosorted@https://registry.npmjs.org/array.prototype.tosorted/-/array.prototype.tosorted-1.1.4.tgz. Extracting by manifest.
715 silly tarball no local data for array.prototype.flatmap@https://registry.npmjs.org/array.prototype.flatmap/-/array.prototype.flatmap-1.3.3.tgz. Extracting by manifest.
716 silly tarball no local data for array.prototype.flat@https://registry.npmjs.org/array.prototype.flat/-/array.prototype.flat-1.3.3.tgz. Extracting by manifest.
717 silly tarball no local data for array.prototype.findlastindex@https://registry.npmjs.org/array.prototype.findlastindex/-/array.prototype.findlastindex-1.2.6.tgz. Extracting by manifest.
718 silly tarball no local data for array.prototype.findlast@https://registry.npmjs.org/array.prototype.findlast/-/array.prototype.findlast-1.2.5.tgz. Extracting by manifest.
719 silly tarball no local data for array-includes@https://registry.npmjs.org/array-includes/-/array-includes-3.1.9.tgz. Extracting by manifest.
720 silly tarball no local data for array-buffer-byte-length@https://registry.npmjs.org/array-buffer-byte-length/-/array-buffer-byte-length-1.0.2.tgz. Extracting by manifest.
721 silly tarball no local data for aria-query@https://registry.npmjs.org/aria-query/-/aria-query-5.3.2.tgz. Extracting by manifest.
722 silly tarball no local data for argparse@https://registry.npmjs.org/argparse/-/argparse-2.0.1.tgz. Extracting by manifest.
723 silly tarball no local data for arg@https://registry.npmjs.org/arg/-/arg-5.0.2.tgz. Extracting by manifest.
724 silly tarball no local data for any-promise@https://registry.npmjs.org/any-promise/-/any-promise-1.3.0.tgz. Extracting by manifest.
725 silly tarball no local data for anymatch@https://registry.npmjs.org/anymatch/-/anymatch-3.1.3.tgz. Extracting by manifest.
726 silly tarball no local data for ansi-styles@https://registry.npmjs.org/ansi-styles/-/ansi-styles-4.3.0.tgz. Extracting by manifest.
727 silly tarball no local data for ajv@https://registry.npmjs.org/ajv/-/ajv-6.14.0.tgz. Extracting by manifest.
728 silly tarball no local data for acorn-jsx@https://registry.npmjs.org/acorn-jsx/-/acorn-jsx-5.3.2.tgz. Extracting by manifest.
729 silly tarball no local data for acorn@https://registry.npmjs.org/acorn/-/acorn-8.16.0.tgz. Extracting by manifest.
730 silly tarball no local data for @xmldom/xmldom@https://registry.npmjs.org/@xmldom/xmldom/-/xmldom-0.8.12.tgz. Extracting by manifest.
731 silly tarball no local data for @unrs/resolver-binding-android-arm64@https://registry.npmjs.org/@unrs/resolver-binding-android-arm64/-/resolver-binding-android-arm64-1.11.1.tgz. Extracting by manifest.
732 silly tarball no local data for @typescript-eslint/visitor-keys@https://registry.npmjs.org/@typescript-eslint/visitor-keys/-/visitor-keys-8.57.1.tgz. Extracting by manifest.
733 silly tarball no local data for @typescript-eslint/utils@https://registry.npmjs.org/@typescript-eslint/utils/-/utils-8.57.1.tgz. Extracting by manifest.
734 silly tarball no local data for @typescript-eslint/typescript-estree@https://registry.npmjs.org/@typescript-eslint/typescript-estree/-/typescript-estree-8.57.1.tgz. Extracting by manifest.
735 silly tarball no local data for define-data-property@https://registry.npmjs.org/define-data-property/-/define-data-property-1.1.4.tgz. Extracting by manifest.
736 silly tarball no local data for @typescript-eslint/types@https://registry.npmjs.org/@typescript-eslint/types/-/types-8.57.1.tgz. Extracting by manifest.
737 silly tarball no local data for @typescript-eslint/type-utils@https://registry.npmjs.org/@typescript-eslint/type-utils/-/type-utils-8.57.1.tgz. Extracting by manifest.
738 silly tarball no local data for @typescript-eslint/scope-manager@https://registry.npmjs.org/@typescript-eslint/scope-manager/-/scope-manager-8.57.1.tgz. Extracting by manifest.
739 silly tarball no local data for @typescript-eslint/tsconfig-utils@https://registry.npmjs.org/@typescript-eslint/tsconfig-utils/-/tsconfig-utils-8.57.1.tgz. Extracting by manifest.
740 silly tarball no local data for @typescript-eslint/project-service@https://registry.npmjs.org/@typescript-eslint/project-service/-/project-service-8.57.1.tgz. Extracting by manifest.
741 silly tarball no local data for @typescript-eslint/parser@https://registry.npmjs.org/@typescript-eslint/parser/-/parser-8.57.1.tgz. Extracting by manifest.
742 silly tarball no local data for @typescript-eslint/eslint-plugin@https://registry.npmjs.org/@typescript-eslint/eslint-plugin/-/eslint-plugin-8.57.1.tgz. Extracting by manifest.
743 silly tarball no local data for @types/react-dom@https://registry.npmjs.org/@types/react-dom/-/react-dom-19.2.3.tgz. Extracting by manifest.
744 silly tarball no local data for @types/react@https://registry.npmjs.org/@types/react/-/react-19.2.14.tgz. Extracting by manifest.
745 silly tarball no local data for @types/node@https://registry.npmjs.org/@types/node/-/node-20.19.37.tgz. Extracting by manifest.
746 silly tarball no local data for @types/leaflet@https://registry.npmjs.org/@types/leaflet/-/leaflet-1.9.21.tgz. Extracting by manifest.
747 silly tarball no local data for @types/json5@https://registry.npmjs.org/@types/json5/-/json5-0.0.29.tgz. Extracting by manifest.
748 silly tarball no local data for @types/json-schema@https://registry.npmjs.org/@types/json-schema/-/json-schema-7.0.15.tgz. Extracting by manifest.
749 silly tarball no local data for @types/geojson@https://registry.npmjs.org/@types/geojson/-/geojson-7946.0.16.tgz. Extracting by manifest.
750 silly tarball no local data for @types/estree@https://registry.npmjs.org/@types/estree/-/estree-1.0.8.tgz. Extracting by manifest.
751 silly tarball no local data for @tailwindcss/postcss@https://registry.npmjs.org/@tailwindcss/postcss/-/postcss-4.2.2.tgz. Extracting by manifest.
752 silly tarball no local data for @tailwindcss/oxide-android-arm64@https://registry.npmjs.org/@tailwindcss/oxide-android-arm64/-/oxide-android-arm64-4.2.2.tgz. Extracting by manifest.
753 silly tarball no local data for @tailwindcss/oxide@https://registry.npmjs.org/@tailwindcss/oxide/-/oxide-4.2.2.tgz. Extracting by manifest.
754 silly tarball no local data for @tailwindcss/node@https://registry.npmjs.org/@tailwindcss/node/-/node-4.2.2.tgz. Extracting by manifest.
755 silly tarball no local data for @tailwindcss/forms@https://registry.npmjs.org/@tailwindcss/forms/-/forms-0.5.11.tgz. Extracting by manifest.
756 silly tarball no local data for @swc/helpers@https://registry.npmjs.org/@swc/helpers/-/helpers-0.5.15.tgz. Extracting by manifest.
757 silly tarball no local data for @rtsao/scc@https://registry.npmjs.org/@rtsao/scc/-/scc-1.1.0.tgz. Extracting by manifest.
758 silly tarball no local data for @react-leaflet/core@https://registry.npmjs.org/@react-leaflet/core/-/core-3.0.0.tgz. Extracting by manifest.
759 silly tarball no local data for @nolyfill/is-core-module@https://registry.npmjs.org/@nolyfill/is-core-module/-/is-core-module-1.0.39.tgz. Extracting by manifest.
760 silly tarball no local data for @nodelib/fs.walk@https://registry.npmjs.org/@nodelib/fs.walk/-/fs.walk-1.2.8.tgz. Extracting by manifest.
761 silly tarball no local data for @nodelib/fs.stat@https://registry.npmjs.org/@nodelib/fs.stat/-/fs.stat-2.0.5.tgz. Extracting by manifest.
762 silly tarball no local data for @nodelib/fs.scandir@https://registry.npmjs.org/@nodelib/fs.scandir/-/fs.scandir-2.1.5.tgz. Extracting by manifest.
763 silly tarball no local data for @next/env@https://registry.npmjs.org/@next/env/-/env-16.2.9.tgz. Extracting by manifest.
764 silly tarball no local data for @next/eslint-plugin-next@https://registry.npmjs.org/@next/eslint-plugin-next/-/eslint-plugin-next-16.2.1.tgz. Extracting by manifest.
765 silly tarball no local data for @jridgewell/trace-mapping@https://registry.npmjs.org/@jridgewell/trace-mapping/-/trace-mapping-0.3.31.tgz. Extracting by manifest.
766 silly tarball no local data for @jridgewell/sourcemap-codec@https://registry.npmjs.org/@jridgewell/sourcemap-codec/-/sourcemap-codec-1.5.5.tgz. Extracting by manifest.
767 silly tarball no local data for @jridgewell/resolve-uri@https://registry.npmjs.org/@jridgewell/resolve-uri/-/resolve-uri-3.1.2.tgz. Extracting by manifest.
768 silly tarball no local data for @jridgewell/remapping@https://registry.npmjs.org/@jridgewell/remapping/-/remapping-2.3.5.tgz. Extracting by manifest.
769 silly tarball no local data for @jridgewell/gen-mapping@https://registry.npmjs.org/@jridgewell/gen-mapping/-/gen-mapping-0.3.13.tgz. Extracting by manifest.
770 silly tarball no local data for @img/colour@https://registry.npmjs.org/@img/colour/-/colour-1.1.0.tgz. Extracting by manifest.
771 silly tarball no local data for @humanwhocodes/retry@https://registry.npmjs.org/@humanwhocodes/retry/-/retry-0.4.3.tgz. Extracting by manifest.
772 silly tarball no local data for @humanwhocodes/module-importer@https://registry.npmjs.org/@humanwhocodes/module-importer/-/module-importer-1.0.1.tgz. Extracting by manifest.
773 silly tarball no local data for @humanfs/node@https://registry.npmjs.org/@humanfs/node/-/node-0.16.7.tgz. Extracting by manifest.
774 silly tarball no local data for @humanfs/core@https://registry.npmjs.org/@humanfs/core/-/core-0.19.1.tgz. Extracting by manifest.
775 silly tarball no local data for @eslint/plugin-kit@https://registry.npmjs.org/@eslint/plugin-kit/-/plugin-kit-0.4.1.tgz. Extracting by manifest.
776 silly tarball no local data for @eslint/object-schema@https://registry.npmjs.org/@eslint/object-schema/-/object-schema-2.1.7.tgz. Extracting by manifest.
777 silly tarball no local data for @eslint/js@https://registry.npmjs.org/@eslint/js/-/js-9.39.4.tgz. Extracting by manifest.
778 silly tarball no local data for @eslint/eslintrc@https://registry.npmjs.org/@eslint/eslintrc/-/eslintrc-3.3.5.tgz. Extracting by manifest.
779 silly tarball no local data for @eslint/core@https://registry.npmjs.org/@eslint/core/-/core-0.17.0.tgz. Extracting by manifest.
780 silly tarball no local data for @eslint/config-helpers@https://registry.npmjs.org/@eslint/config-helpers/-/config-helpers-0.4.2.tgz. Extracting by manifest.
781 silly tarball no local data for @eslint/config-array@https://registry.npmjs.org/@eslint/config-array/-/config-array-0.21.2.tgz. Extracting by manifest.
782 silly tarball no local data for @eslint-community/regexpp@https://registry.npmjs.org/@eslint-community/regexpp/-/regexpp-4.12.2.tgz. Extracting by manifest.
783 silly tarball no local data for @eslint-community/eslint-utils@https://registry.npmjs.org/@eslint-community/eslint-utils/-/eslint-utils-4.9.1.tgz. Extracting by manifest.
784 silly tarball no local data for @babel/types@https://registry.npmjs.org/@babel/types/-/types-7.29.0.tgz. Extracting by manifest.
785 silly tarball no local data for @babel/traverse@https://registry.npmjs.org/@babel/traverse/-/traverse-7.29.0.tgz. Extracting by manifest.
786 silly tarball no local data for @babel/template@https://registry.npmjs.org/@babel/template/-/template-7.28.6.tgz. Extracting by manifest.
787 silly tarball no local data for @babel/parser@https://registry.npmjs.org/@babel/parser/-/parser-7.29.2.tgz. Extracting by manifest.
788 silly tarball no local data for @babel/helpers@https://registry.npmjs.org/@babel/helpers/-/helpers-7.29.2.tgz. Extracting by manifest.
789 silly tarball no local data for @babel/helper-validator-identifier@https://registry.npmjs.org/@babel/helper-validator-identifier/-/helper-validator-identifier-7.28.5.tgz. Extracting by manifest.
790 silly tarball no local data for @babel/helper-validator-option@https://registry.npmjs.org/@babel/helper-validator-option/-/helper-validator-option-7.27.1.tgz. Extracting by manifest.
791 silly tarball no local data for @babel/helper-string-parser@https://registry.npmjs.org/@babel/helper-string-parser/-/helper-string-parser-7.27.1.tgz. Extracting by manifest.
792 silly tarball no local data for @babel/helper-module-transforms@https://registry.npmjs.org/@babel/helper-module-transforms/-/helper-module-transforms-7.28.6.tgz. Extracting by manifest.
793 silly tarball no local data for @babel/helper-module-imports@https://registry.npmjs.org/@babel/helper-module-imports/-/helper-module-imports-7.28.6.tgz. Extracting by manifest.
794 silly tarball no local data for @babel/helper-globals@https://registry.npmjs.org/@babel/helper-globals/-/helper-globals-7.28.0.tgz. Extracting by manifest.
795 silly tarball no local data for @babel/helper-compilation-targets@https://registry.npmjs.org/@babel/helper-compilation-targets/-/helper-compilation-targets-7.28.6.tgz. Extracting by manifest.
796 silly tarball no local data for @babel/generator@https://registry.npmjs.org/@babel/generator/-/generator-7.29.1.tgz. Extracting by manifest.
797 silly tarball no local data for @babel/core@https://registry.npmjs.org/@babel/core/-/core-7.29.0.tgz. Extracting by manifest.
798 silly tarball no local data for @babel/compat-data@https://registry.npmjs.org/@babel/compat-data/-/compat-data-7.29.0.tgz. Extracting by manifest.
799 silly tarball no local data for @babel/code-frame@https://registry.npmjs.org/@babel/code-frame/-/code-frame-7.29.0.tgz. Extracting by manifest.
800 silly tarball no local data for @alloc/quick-lru@https://registry.npmjs.org/@alloc/quick-lru/-/quick-lru-5.2.0.tgz. Extracting by manifest.
801 silly tarball no local data for picomatch@https://registry.npmjs.org/picomatch/-/picomatch-4.0.4.tgz. Extracting by manifest.
802 silly tarball no local data for jiti@https://registry.npmjs.org/jiti/-/jiti-1.21.7.tgz. Extracting by manifest.
803 silly tarball no local data for fdir@https://registry.npmjs.org/fdir/-/fdir-6.5.0.tgz. Extracting by manifest.
804 silly tarball no local data for fast-glob@https://registry.npmjs.org/fast-glob/-/fast-glob-3.3.3.tgz. Extracting by manifest.
805 silly tarball no local data for glob-parent@https://registry.npmjs.org/glob-parent/-/glob-parent-5.1.2.tgz. Extracting by manifest.
806 silly tarball no local data for glob-parent@https://registry.npmjs.org/glob-parent/-/glob-parent-5.1.2.tgz. Extracting by manifest.
807 silly tarball no local data for semver@https://registry.npmjs.org/semver/-/semver-6.3.1.tgz. Extracting by manifest.
808 silly tarball no local data for semver@https://registry.npmjs.org/semver/-/semver-6.3.1.tgz. Extracting by manifest.
809 silly tarball no local data for resolve@https://registry.npmjs.org/resolve/-/resolve-2.0.0-next.6.tgz. Extracting by manifest.
810 silly tarball no local data for postcss@https://registry.npmjs.org/postcss/-/postcss-8.4.31.tgz. Extracting by manifest.
811 silly tarball no local data for semver@https://registry.npmjs.org/semver/-/semver-6.3.1.tgz. Extracting by manifest.
812 silly tarball no local data for debug@https://registry.npmjs.org/debug/-/debug-3.2.7.tgz. Extracting by manifest.
813 silly tarball no local data for globals@https://registry.npmjs.org/globals/-/globals-16.4.0.tgz. Extracting by manifest.
814 silly tarball no local data for debug@https://registry.npmjs.org/debug/-/debug-3.2.7.tgz. Extracting by manifest.
815 silly tarball no local data for debug@https://registry.npmjs.org/debug/-/debug-3.2.7.tgz. Extracting by manifest.
816 silly tarball no local data for glob-parent@https://registry.npmjs.org/glob-parent/-/glob-parent-5.1.2.tgz. Extracting by manifest.
817 silly tarball no local data for eslint-visitor-keys@https://registry.npmjs.org/eslint-visitor-keys/-/eslint-visitor-keys-5.0.1.tgz. Extracting by manifest.
818 silly tarball no local data for minimatch@https://registry.npmjs.org/minimatch/-/minimatch-10.2.4.tgz. Extracting by manifest.
819 silly tarball no local data for brace-expansion@https://registry.npmjs.org/brace-expansion/-/brace-expansion-5.0.5.tgz. Extracting by manifest.
820 silly tarball no local data for balanced-match@https://registry.npmjs.org/balanced-match/-/balanced-match-4.0.4.tgz. Extracting by manifest.
821 silly tarball no local data for ignore@https://registry.npmjs.org/ignore/-/ignore-7.0.5.tgz. Extracting by manifest.
822 silly tarball no local data for tailwindcss@https://registry.npmjs.org/tailwindcss/-/tailwindcss-4.2.2.tgz. Extracting by manifest.
823 silly tarball no local data for tailwindcss@https://registry.npmjs.org/tailwindcss/-/tailwindcss-4.2.2.tgz. Extracting by manifest.
824 silly tarball no local data for eslint-visitor-keys@https://registry.npmjs.org/eslint-visitor-keys/-/eslint-visitor-keys-3.4.3.tgz. Extracting by manifest.
825 silly tarball no local data for semver@https://registry.npmjs.org/semver/-/semver-6.3.1.tgz. Extracting by manifest.
826 silly tarball no local data for semver@https://registry.npmjs.org/semver/-/semver-6.3.1.tgz. Extracting by manifest.
827 silly tarball no local data for json5@https://registry.npmjs.org/json5/-/json5-2.2.3.tgz. Extracting by manifest.
828 silly tarball no local data for word-wrap@https://registry.npmjs.org/word-wrap/-/word-wrap-1.2.5.tgz. Extracting by manifest.
829 http fetch GET 200 https://registry.npmjs.org/update-browserslist-db/-/update-browserslist-db-1.2.3.tgz 4865ms (cache miss)
830 http fetch GET 200 https://registry.npmjs.org/which-boxed-primitive/-/which-boxed-primitive-1.1.1.tgz 4968ms (cache miss)
831 http fetch GET 200 https://registry.npmjs.org/util-deprecate/-/util-deprecate-1.0.2.tgz 4968ms (cache miss)
832 http fetch GET 200 https://registry.npmjs.org/yallist/-/yallist-3.1.1.tgz 5221ms (cache miss)
833 http fetch GET 200 https://registry.npmjs.org/typed-array-byte-offset/-/typed-array-byte-offset-1.0.4.tgz 5170ms (cache miss)
834 http fetch GET 200 https://registry.npmjs.org/unrs-resolver/-/unrs-resolver-1.11.1.tgz 5352ms (cache miss)
835 http fetch GET 200 https://registry.npmjs.org/which/-/which-2.0.2.tgz 5471ms (cache miss)
836 http fetch GET 200 https://registry.npmjs.org/@babel%2fcore 5890ms (cache miss)
837 silly packumentCache corgi:https://registry.npmjs.org/@babel%2fcore set size:undefined disposed:false
838 http fetch GET 200 https://registry.npmjs.org/typed-array-buffer/-/typed-array-buffer-1.0.3.tgz 5777ms (cache miss)
839 http fetch GET 200 https://registry.npmjs.org/yocto-queue/-/yocto-queue-0.1.0.tgz 6124ms (cache miss)
840 http fetch GET 200 https://registry.npmjs.org/supports-color/-/supports-color-7.2.0.tgz 6126ms (cache miss)
841 http fetch GET 200 https://registry.npmjs.org/strip-json-comments/-/strip-json-comments-3.1.1.tgz 6119ms (cache miss)
842 http fetch GET 200 https://registry.npmjs.org/set-proto/-/set-proto-1.0.0.tgz 6065ms (cache miss)
843 http fetch GET 200 https://registry.npmjs.org/which-collection/-/which-collection-1.0.2.tgz 6335ms (cache miss)
844 http fetch GET 200 https://registry.npmjs.org/thenify-all/-/thenify-all-1.6.0.tgz 6256ms (cache miss)
845 http fetch GET 200 https://registry.npmjs.org/thenify/-/thenify-3.3.1.tgz 6256ms (cache miss)
846 http fetch GET 200 https://registry.npmjs.org/tinyglobby/-/tinyglobby-0.2.15.tgz 6267ms (cache miss)
847 http fetch GET 200 https://registry.npmjs.org/strip-bom/-/strip-bom-3.0.0.tgz 6233ms (cache miss)
848 http fetch GET 200 https://registry.npmjs.org/side-channel-weakmap/-/side-channel-weakmap-1.0.2.tgz 6210ms (cache miss)
849 http fetch GET 200 https://registry.npmjs.org/type-check/-/type-check-0.4.0.tgz 6381ms (cache miss)
850 http fetch GET 200 https://registry.npmjs.org/typed-array-byte-length/-/typed-array-byte-length-1.0.3.tgz 6391ms (cache miss)
851 http fetch GET 200 https://registry.npmjs.org/supports-preserve-symlinks-flag/-/supports-preserve-symlinks-flag-1.0.0.tgz 6350ms (cache miss)
852 http fetch GET 200 https://registry.npmjs.org/stop-iteration-iterator/-/stop-iteration-iterator-1.1.0.tgz 6308ms (cache miss)
853 http fetch GET 200 https://registry.npmjs.org/unbox-primitive/-/unbox-primitive-1.1.0.tgz 6643ms (cache miss)
854 http fetch GET 200 https://registry.npmjs.org/side-channel-map/-/side-channel-map-1.0.1.tgz 6527ms (cache miss)
855 http fetch GET 200 https://registry.npmjs.org/stable-hash/-/stable-hash-0.0.5.tgz 6525ms (cache miss)
856 http fetch GET 200 https://registry.npmjs.org/shebang-command/-/shebang-command-2.0.0.tgz 6514ms (cache miss)
857 http fetch GET 200 https://registry.npmjs.org/set-function-length/-/set-function-length-1.2.2.tgz 6502ms (cache miss)
858 http fetch GET 200 https://registry.npmjs.org/to-regex-range/-/to-regex-range-5.0.1.tgz 6743ms (cache miss)
859 http fetch GET 200 https://registry.npmjs.org/string.prototype.repeat/-/string.prototype.repeat-1.0.0.tgz 6691ms (cache miss)
860 http fetch GET 200 https://registry.npmjs.org/side-channel-list/-/side-channel-list-1.0.0.tgz 6662ms (cache miss)
861 http fetch GET 200 https://registry.npmjs.org/shebang-regex/-/shebang-regex-3.0.0.tgz 6660ms (cache miss)
862 http fetch GET 200 https://registry.npmjs.org/set-function-name/-/set-function-name-2.0.2.tgz 6648ms (cache miss)
863 http fetch GET 200 https://registry.npmjs.org/brace-expansion 7089ms (cache miss)
864 silly packumentCache corgi:https://registry.npmjs.org/brace-expansion set size:undefined disposed:false
865 http fetch GET 200 https://registry.npmjs.org/resolve-pkg-maps/-/resolve-pkg-maps-1.0.0.tgz 6796ms (cache miss)
866 http fetch GET 200 https://registry.npmjs.org/which-builtin-type/-/which-builtin-type-1.2.1.tgz 7019ms (cache miss)
867 http fetch GET 200 https://registry.npmjs.org/reusify/-/reusify-1.1.0.tgz 6931ms (cache miss)
868 http fetch GET 200 https://registry.npmjs.org/safe-regex-test/-/safe-regex-test-1.1.0.tgz 6952ms (cache miss)
869 http fetch GET 200 https://registry.npmjs.org/typed-array-length/-/typed-array-length-1.0.7.tgz 7275ms (cache miss)
870 http fetch GET 200 https://registry.npmjs.org/string.prototype.trimend/-/string.prototype.trimend-1.0.9.tgz 7206ms (cache miss)
871 http fetch GET 200 https://registry.npmjs.org/safe-push-apply/-/safe-push-apply-1.0.0.tgz 7130ms (cache miss)
872 http fetch GET 200 https://registry.npmjs.org/resolve-from/-/resolve-from-4.0.0.tgz 7113ms (cache miss)
873 http fetch GET 200 https://registry.npmjs.org/safe-array-concat/-/safe-array-concat-1.1.3.tgz 7132ms (cache miss)
874 http fetch GET 200 https://registry.npmjs.org/queue-microtask/-/queue-microtask-1.2.3.tgz 7083ms (cache miss)
875 http fetch GET 200 https://registry.npmjs.org/read-cache/-/read-cache-1.0.0.tgz 7105ms (cache miss)
876 http fetch GET 200 https://registry.npmjs.org/readdirp/-/readdirp-3.6.0.tgz 7111ms (cache miss)
877 http fetch GET 200 https://registry.npmjs.org/p-limit/-/p-limit-3.1.0.tgz 7015ms (cache miss)
878 http fetch GET 200 https://registry.npmjs.org/js-yaml 7570ms (cache miss)
879 silly packumentCache corgi:https://registry.npmjs.org/js-yaml set size:undefined disposed:false
880 http fetch GET 200 https://registry.npmjs.org/run-parallel/-/run-parallel-1.2.0.tgz 7282ms (cache miss)
881 http fetch GET 200 https://registry.npmjs.org/react-is/-/react-is-16.13.1.tgz 7242ms (cache miss)
882 http fetch GET 200 https://registry.npmjs.org/punycode/-/punycode-2.3.1.tgz 7239ms (cache miss)
883 http fetch GET 200 https://registry.npmjs.org/prelude-ls/-/prelude-ls-1.2.1.tgz 7233ms (cache miss)
884 http fetch GET 200 https://registry.npmjs.org/pify/-/pify-2.3.0.tgz 7200ms (cache miss)
885 http fetch GET 200 https://registry.npmjs.org/pirates/-/pirates-4.0.7.tgz 7498ms (cache miss)
886 http fetch GET 200 https://registry.npmjs.org/postcss-nested/-/postcss-nested-6.2.0.tgz 7526ms (cache miss)
887 http fetch GET 200 https://registry.npmjs.org/path-key/-/path-key-3.1.1.tgz 7483ms (cache miss)
888 http fetch GET 200 https://registry.npmjs.org/postcss-js/-/postcss-js-4.1.0.tgz 7672ms (cache miss)
889 http fetch GET 200 https://registry.npmjs.org/picocolors/-/picocolors-1.1.1.tgz 7649ms (cache miss)
890 http fetch GET 200 https://registry.npmjs.org/own-keys/-/own-keys-1.0.1.tgz 7627ms (cache miss)
891 http fetch GET 200 https://registry.npmjs.org/normalize-path/-/normalize-path-3.0.0.tgz 7598ms (cache miss)
892 http fetch GET 200 https://registry.npmjs.org/object.groupby/-/object.groupby-1.0.3.tgz 7624ms (cache miss)
893 http fetch GET 200 https://registry.npmjs.org/merge2/-/merge2-1.4.1.tgz 7552ms (cache miss)
894 http fetch GET 200 https://registry.npmjs.org/postcss-load-config/-/postcss-load-config-6.0.1.tgz 7837ms (cache miss)
895 http fetch GET 200 https://registry.npmjs.org/possible-typed-array-names/-/possible-typed-array-names-1.1.0.tgz 7823ms (cache miss)
896 http fetch GET 200 https://registry.npmjs.org/path-parse/-/path-parse-1.0.7.tgz 7809ms (cache miss)
897 http fetch GET 200 https://registry.npmjs.org/path-exists/-/path-exists-4.0.0.tgz 7807ms (cache miss)
898 http fetch GET 200 https://registry.npmjs.org/p-locate/-/p-locate-5.0.0.tgz 7802ms (cache miss)
899 http fetch GET 200 https://registry.npmjs.org/parent-module/-/parent-module-1.0.1.tgz 7810ms (cache miss)
900 http fetch GET 200 https://registry.npmjs.org/nanoid/-/nanoid-3.3.11.tgz 7738ms (cache miss)
901 http fetch GET 200 https://registry.npmjs.org/lines-and-columns/-/lines-and-columns-1.2.4.tgz 7688ms (cache miss)
902 http fetch GET 200 https://registry.npmjs.org/tslib/-/tslib-2.8.1.tgz 8218ms (cache miss)
903 http fetch GET 200 https://registry.npmjs.org/object-assign/-/object-assign-4.1.1.tgz 7917ms (cache miss)
904 http fetch GET 200 https://registry.npmjs.org/object-hash/-/object-hash-3.0.0.tgz 7905ms (cache miss)
905 http fetch GET 200 https://registry.npmjs.org/node-releases/-/node-releases-2.0.36.tgz 7913ms (cache miss)
906 http fetch GET 200 https://registry.npmjs.org/math-intrinsics/-/math-intrinsics-1.1.0.tgz 7859ms (cache miss)
907 http fetch GET 200 https://registry.npmjs.org/ms/-/ms-2.1.3.tgz 7889ms (cache miss)
908 http fetch GET 200 https://registry.npmjs.org/postcss-value-parser/-/postcss-value-parser-4.2.0.tgz 8162ms (cache miss)
909 http fetch GET 200 https://registry.npmjs.org/object-keys/-/object-keys-1.1.1.tgz 8063ms (cache miss)
910 http fetch GET 200 https://registry.npmjs.org/loose-envify/-/loose-envify-1.4.0.tgz 7995ms (cache miss)
911 http fetch GET 200 https://registry.npmjs.org/locate-path/-/locate-path-6.0.0.tgz 7997ms (cache miss)
912 http fetch GET 200 https://registry.npmjs.org/@xmldom%2fxmldom 8697ms (cache miss)
913 silly packumentCache corgi:https://registry.npmjs.org/@xmldom%2fxmldom set size:undefined disposed:false
914 http fetch GET 200 https://registry.npmjs.org/reflect.getprototypeof/-/reflect.getprototypeof-1.0.10.tgz 8383ms (cache miss)
915 http fetch GET 200 https://registry.npmjs.org/natural-compare/-/natural-compare-1.4.0.tgz 8222ms (cache miss)
916 http fetch GET 200 https://registry.npmjs.org/mini-svg-data-uri/-/mini-svg-data-uri-1.4.4.tgz 8204ms (cache miss)
917 http fetch GET 200 https://registry.npmjs.org/mz/-/mz-2.7.0.tgz 8226ms (cache miss)
918 http fetch GET 200 https://registry.npmjs.org/language-tags/-/language-tags-1.0.9.tgz 8154ms (cache miss)
919 http fetch GET 200 https://registry.npmjs.org/side-channel/-/side-channel-1.1.0.tgz 8666ms (cache miss)
920 http fetch GET 200 https://registry.npmjs.org/lru-cache/-/lru-cache-5.1.1.tgz 8387ms (cache miss)
921 http fetch GET 200 https://registry.npmjs.org/micromatch/-/micromatch-4.0.8.tgz 8405ms (cache miss)
922 http fetch GET 200 https://registry.npmjs.org/levn/-/levn-0.4.1.tgz 8369ms (cache miss)
923 http fetch GET 200 https://registry.npmjs.org/lodash.merge/-/lodash.merge-4.6.2.tgz 8553ms (cache miss)
924 http fetch GET 200 https://registry.npmjs.org/lilconfig/-/lilconfig-3.1.3.tgz 8542ms (cache miss)
925 http fetch GET 200 https://registry.npmjs.org/json-buffer/-/json-buffer-3.0.1.tgz 8498ms (cache miss)
926 http fetch GET 200 https://registry.npmjs.org/keyv/-/keyv-4.5.4.tgz 8521ms (cache miss)
927 http fetch GET 200 https://registry.npmjs.org/json-schema-traverse/-/json-schema-traverse-0.4.1.tgz 8507ms (cache miss)
928 http fetch GET 200 https://registry.npmjs.org/optionator/-/optionator-0.9.4.tgz 8835ms (cache miss)
929 http fetch GET 200 https://registry.npmjs.org/minimatch/-/minimatch-3.1.5.tgz 8763ms (cache miss)
930 http fetch GET 200 https://registry.npmjs.org/is-typed-array/-/is-typed-array-1.1.15.tgz 8641ms (cache miss)
931 http fetch GET 200 https://registry.npmjs.org/picomatch/-/picomatch-2.3.2.tgz 9023ms (cache miss)
932 http fetch GET 200 https://registry.npmjs.org/jsesc/-/jsesc-3.1.0.tgz 8826ms (cache miss)
933 http fetch GET 200 https://registry.npmjs.org/js-tokens/-/js-tokens-4.0.0.tgz 8822ms (cache miss)
934 http fetch GET 200 https://registry.npmjs.org/ts-api-utils/-/ts-api-utils-2.5.0.tgz 9407ms (cache miss)
935 http fetch GET 200 https://registry.npmjs.org/regexp.prototype.flags/-/regexp.prototype.flags-1.5.4.tgz 9252ms (cache miss)
936 http fetch GET 200 https://registry.npmjs.org/object.fromentries/-/object.fromentries-2.0.8.tgz 9131ms (cache miss)
937 http fetch GET 200 https://registry.npmjs.org/isexe/-/isexe-2.0.0.tgz 8959ms (cache miss)
938 http fetch GET 200 https://registry.npmjs.org/isarray/-/isarray-2.0.5.tgz 8958ms (cache miss)
939 http fetch GET 200 https://registry.npmjs.org/is-weakref/-/is-weakref-1.1.1.tgz 8952ms (cache miss)
940 http fetch GET 200 https://registry.npmjs.org/is-set/-/is-set-2.0.3.tgz 8933ms (cache miss)
941 http fetch GET 200 https://registry.npmjs.org/string.prototype.trimstart/-/string.prototype.trimstart-1.0.8.tgz 9538ms (cache miss)
942 http fetch GET 200 https://registry.npmjs.org/iterator.prototype/-/iterator.prototype-1.1.5.tgz 9137ms (cache miss)
943 http fetch GET 200 https://registry.npmjs.org/is-weakset/-/is-weakset-2.0.4.tgz 9128ms (cache miss)
944 http fetch GET 200 https://registry.npmjs.org/is-weakmap/-/is-weakmap-2.0.2.tgz 9123ms (cache miss)
945 http fetch GET 200 https://registry.npmjs.org/is-map/-/is-map-2.0.3.tgz 9235ms (cache miss)
946 http fetch GET 200 https://registry.npmjs.org/is-glob/-/is-glob-4.0.3.tgz 9234ms (cache miss)
947 http fetch GET 200 https://registry.npmjs.org/is-generator-function/-/is-generator-function-1.1.2.tgz 9232ms (cache miss)
948 http fetch GET 200 https://registry.npmjs.org/is-data-view/-/is-data-view-1.0.2.tgz 9222ms (cache miss)
949 http fetch GET 200 https://registry.npmjs.org/prop-types/-/prop-types-15.8.1.tgz 9756ms (cache miss)
950 http fetch GET 200 https://registry.npmjs.org/is-negative-zero/-/is-negative-zero-2.0.3.tgz 9446ms (cache miss)
951 http fetch GET 200 https://registry.npmjs.org/is-shared-array-buffer/-/is-shared-array-buffer-1.0.4.tgz 9468ms (cache miss)
952 http fetch GET 200 https://registry.npmjs.org/is-string/-/is-string-1.1.1.tgz 9475ms (cache miss)
953 http fetch GET 200 https://registry.npmjs.org/is-core-module/-/is-core-module-2.16.1.tgz 9424ms (cache miss)
954 http fetch GET 200 https://registry.npmjs.org/is-finalizationregistry/-/is-finalizationregistry-1.1.1.tgz 9442ms (cache miss)
955 http fetch GET 200 https://registry.npmjs.org/is-callable/-/is-callable-1.2.7.tgz 9424ms (cache miss)
956 http fetch GET 200 https://registry.npmjs.org/import-fresh/-/import-fresh-3.3.1.tgz 9396ms (cache miss)
957 http fetch GET 200 https://registry.npmjs.org/hasown/-/hasown-2.0.2.tgz 9387ms (cache miss)
958 http fetch GET 200 https://registry.npmjs.org/is-number/-/is-number-7.0.0.tgz 9635ms (cache miss)
959 http fetch GET 200 https://registry.npmjs.org/is-number-object/-/is-number-object-1.1.1.tgz 9640ms (cache miss)
960 http fetch GET 200 https://registry.npmjs.org/is-array-buffer/-/is-array-buffer-3.0.5.tgz 9580ms (cache miss)
961 http fetch GET 200 https://registry.npmjs.org/is-bun-module/-/is-bun-module-2.0.0.tgz 9602ms (cache miss)
962 http fetch GET 200 https://registry.npmjs.org/internal-slot/-/internal-slot-1.1.0.tgz 9580ms (cache miss)
963 http fetch GET 200 https://registry.npmjs.org/has-tostringtag/-/has-tostringtag-1.0.2.tgz 9557ms (cache miss)
964 http fetch GET 200 https://registry.npmjs.org/string.prototype.matchall/-/string.prototype.matchall-4.0.12.tgz 10237ms (cache miss)
965 http fetch GET 200 https://registry.npmjs.org/object.values/-/object.values-1.2.1.tgz 10022ms (cache miss)
966 http fetch GET 200 https://registry.npmjs.org/is-regex/-/is-regex-1.2.1.tgz 9805ms (cache miss)
967 http fetch GET 200 https://registry.npmjs.org/is-date-object/-/is-date-object-1.1.0.tgz 9774ms (cache miss)
968 http fetch GET 200 https://registry.npmjs.org/is-extglob/-/is-extglob-2.1.1.tgz 9780ms (cache miss)
969 http fetch GET 200 https://registry.npmjs.org/is-boolean-object/-/is-boolean-object-1.2.2.tgz 9760ms (cache miss)
970 http fetch GET 200 https://registry.npmjs.org/imurmurhash/-/imurmurhash-0.1.4.tgz 9740ms (cache miss)
971 http fetch GET 200 https://registry.npmjs.org/ignore/-/ignore-5.3.2.tgz 9736ms (cache miss)
972 http fetch GET 200 https://registry.npmjs.org/gopd/-/gopd-1.2.0.tgz 9697ms (cache miss)
973 http fetch GET 200 https://registry.npmjs.org/is-symbol/-/is-symbol-1.1.1.tgz 9968ms (cache miss)
974 http fetch GET 200 https://registry.npmjs.org/ts-interface-checker/-/ts-interface-checker-0.1.13.tgz 10468ms (cache miss)
975 http fetch GET 200 https://registry.npmjs.org/postcss-import/-/postcss-import-15.1.0.tgz 10246ms (cache miss)
976 http fetch GET 200 https://registry.npmjs.org/which-typed-array/-/which-typed-array-1.1.20.tgz 10556ms (cache miss)
977 http fetch GET 200 https://registry.npmjs.org/is-binary-path/-/is-binary-path-2.1.0.tgz 9923ms (cache miss)
978 http fetch GET 200 https://registry.npmjs.org/is-bigint/-/is-bigint-1.1.0.tgz 9922ms (cache miss)
979 http fetch GET 200 https://registry.npmjs.org/has-symbols/-/has-symbols-1.1.0.tgz 9883ms (cache miss)
980 http fetch GET 200 https://registry.npmjs.org/has-flag/-/has-flag-4.0.0.tgz 9876ms (cache miss)
981 http fetch GET 200 https://registry.npmjs.org/has-proto/-/has-proto-1.2.0.tgz 9886ms (cache miss)
982 http fetch GET 200 https://registry.npmjs.org/globals/-/globals-14.0.0.tgz 9862ms (cache miss)
983 http fetch GET 200 https://registry.npmjs.org/functions-have-names/-/functions-have-names-1.2.3.tgz 9835ms (cache miss)
984 http fetch GET 200 https://registry.npmjs.org/string.prototype.trim/-/string.prototype.trim-1.2.10.tgz 10704ms (cache miss)
985 http fetch GET 200 https://registry.npmjs.org/is-async-function/-/is-async-function-2.1.1.tgz 10196ms (cache miss)
986 http fetch GET 200 https://registry.npmjs.org/graceful-fs/-/graceful-fs-4.2.11.tgz 10144ms (cache miss)
987 http fetch GET 200 https://registry.npmjs.org/globalthis/-/globalthis-1.0.4.tgz 10138ms (cache miss)
988 http fetch GET 200 https://registry.npmjs.org/get-symbol-description/-/get-symbol-description-1.1.0.tgz 10127ms (cache miss)
989 http fetch GET 200 https://registry.npmjs.org/find-up/-/find-up-5.0.0.tgz 10089ms (cache miss)
990 http fetch GET 200 https://registry.npmjs.org/scheduler/-/scheduler-0.27.0.tgz 10841ms (cache miss)
991 http fetch GET 200 https://registry.npmjs.org/object.entries/-/object.entries-1.1.9.tgz 10681ms (cache miss)
992 http fetch GET 200 https://registry.npmjs.org/has-property-descriptors/-/has-property-descriptors-1.0.2.tgz 10363ms (cache miss)
993 http fetch GET 200 https://registry.npmjs.org/get-proto/-/get-proto-1.0.1.tgz 10330ms (cache miss)
994 http fetch GET 200 https://registry.npmjs.org/get-intrinsic/-/get-intrinsic-1.3.0.tgz 10330ms (cache miss)
995 http fetch GET 200 https://registry.npmjs.org/generator-function/-/generator-function-2.0.1.tgz 10324ms (cache miss)
996 http fetch GET 200 https://registry.npmjs.org/fast-levenshtein/-/fast-levenshtein-2.0.6.tgz 10284ms (cache miss)
997 http fetch GET 200 https://registry.npmjs.org/has-bigints/-/has-bigints-1.1.0.tgz 10574ms (cache miss)
998 http fetch GET 200 https://registry.npmjs.org/glob-parent/-/glob-parent-6.0.2.tgz 10559ms (cache miss)
999 http fetch GET 200 https://registry.npmjs.org/for-each/-/for-each-0.3.5.tgz 10527ms (cache miss)
1000 http fetch GET 200 https://registry.npmjs.org/fill-range/-/fill-range-7.1.1.tgz 10515ms (cache miss)
1001 http fetch GET 200 https://registry.npmjs.org/gensync/-/gensync-1.0.0-beta.2.tgz 10756ms (cache miss)
1002 http fetch GET 200 https://registry.npmjs.org/flat-cache/-/flat-cache-4.0.1.tgz 10734ms (cache miss)
1003 http fetch GET 200 https://registry.npmjs.org/file-entry-cache/-/file-entry-cache-8.0.0.tgz 10728ms (cache miss)
1004 http fetch GET 200 https://registry.npmjs.org/esutils/-/esutils-2.0.3.tgz 10715ms (cache miss)
1005 http fetch GET 200 https://registry.npmjs.org/eslint-import-resolver-node/-/eslint-import-resolver-node-0.3.9.tgz 10671ms (cache miss)
1006 http fetch GET 200 https://registry.npmjs.org/eslint-config-next/-/eslint-config-next-16.2.1.tgz 10669ms (cache miss)
1007 http fetch GET 200 https://registry.npmjs.org/esrecurse/-/esrecurse-4.3.0.tgz 10879ms (cache miss)
1008 http fetch GET 200 https://registry.npmjs.org/fastq/-/fastq-1.20.1.tgz 11030ms (cache miss)
1009 http fetch GET 200 https://registry.npmjs.org/fast-json-stable-stringify/-/fast-json-stable-stringify-2.1.0.tgz 11026ms (cache miss)
1010 http fetch GET 200 https://registry.npmjs.org/estraverse/-/estraverse-5.3.0.tgz 11017ms (cache miss)
1011 http fetch GET 200 https://registry.npmjs.org/es-define-property/-/es-define-property-1.0.1.tgz 10946ms (cache miss)
1012 http fetch GET 200 https://registry.npmjs.org/typescript-eslint/-/typescript-eslint-8.57.1.tgz 11987ms (cache miss)
1013 http fetch GET 200 https://registry.npmjs.org/string.prototype.includes/-/string.prototype.includes-2.0.1.tgz 11885ms (cache miss)
1014 http fetch GET 200 https://registry.npmjs.org/eslint-import-resolver-typescript/-/eslint-import-resolver-typescript-3.10.1.tgz 11194ms (cache miss)
1015 http fetch GET 200 https://registry.npmjs.org/escape-string-regexp/-/escape-string-regexp-4.0.0.tgz 11183ms (cache miss)
1016 http fetch GET 200 https://registry.npmjs.org/escalade/-/escalade-3.2.0.tgz 11183ms (cache miss)
1017 http fetch GET 200 https://registry.npmjs.org/debug/-/debug-4.4.3.tgz 11063ms (cache miss)
1018 http fetch GET 200 https://registry.npmjs.org/dlv/-/dlv-1.1.3.tgz 11139ms (cache miss)
1019 http fetch GET 200 https://registry.npmjs.org/function-bind/-/function-bind-1.1.2.tgz 11465ms (cache miss)
1020 http fetch GET 200 https://registry.npmjs.org/fast-deep-equal/-/fast-deep-equal-3.1.3.tgz 11419ms (cache miss)
1021 http fetch GET 200 https://registry.npmjs.org/es-object-atoms/-/es-object-atoms-1.1.1.tgz 11343ms (cache miss)
1022 http fetch GET 200 https://registry.npmjs.org/es-set-tostringtag/-/es-set-tostringtag-2.1.0.tgz 11349ms (cache miss)
1023 http fetch GET 200 https://registry.npmjs.org/deep-is/-/deep-is-0.1.4.tgz 11251ms (cache miss)
1024 http fetch GET 200 https://registry.npmjs.org/damerau-levenshtein/-/damerau-levenshtein-1.0.8.tgz 11220ms (cache miss)
1025 http fetch GET 200 https://registry.npmjs.org/data-view-byte-offset/-/data-view-byte-offset-1.0.1.tgz 11223ms (cache miss)
1026 http fetch GET 200 https://registry.npmjs.org/es-errors/-/es-errors-1.3.0.tgz 11384ms (cache miss)
1027 http fetch GET 200 https://registry.npmjs.org/json5/-/json5-1.0.2.tgz 11854ms (cache miss)
1028 http fetch GET 200 https://registry.npmjs.org/es-shim-unscopables/-/es-shim-unscopables-1.1.0.tgz 11493ms (cache miss)
1029 http fetch GET 200 https://registry.npmjs.org/didyoumean/-/didyoumean-1.2.2.tgz 11445ms (cache miss)
1030 http fetch GET 200 https://registry.npmjs.org/detect-libc/-/detect-libc-2.1.2.tgz 11445ms (cache miss)
1031 http fetch GET 200 https://registry.npmjs.org/define-properties/-/define-properties-1.2.1.tgz 11401ms (cache miss)
1032 http fetch GET 200 https://registry.npmjs.org/color-name/-/color-name-1.1.4.tgz 11340ms (cache miss)
1033 http fetch GET 200 https://registry.npmjs.org/client-only/-/client-only-0.0.1.tgz 11335ms (cache miss)
1034 http fetch GET 200 https://registry.npmjs.org/sharp 12604ms (cache miss)
1035 silly packumentCache corgi:https://registry.npmjs.org/sharp set size:undefined disposed:false
1036 http fetch GET 200 https://registry.npmjs.org/json-stable-stringify-without-jsonify/-/json-stable-stringify-without-jsonify-1.0.1.tgz 12082ms (cache miss)
1037 http fetch GET 200 https://registry.npmjs.org/data-view-byte-length/-/data-view-byte-length-1.0.2.tgz 11616ms (cache miss)
1038 http fetch GET 200 https://registry.npmjs.org/call-bind-apply-helpers/-/call-bind-apply-helpers-1.0.2.tgz 11546ms (cache miss)
1039 http fetch GET 200 https://registry.npmjs.org/cross-spawn/-/cross-spawn-7.0.6.tgz 11804ms (cache miss)
1040 http fetch GET 200 https://registry.npmjs.org/convert-source-map/-/convert-source-map-2.0.0.tgz 11803ms (cache miss)
1041 http fetch GET 200 https://registry.npmjs.org/brace-expansion/-/brace-expansion-1.1.13.tgz 11752ms (cache miss)
1042 http fetch GET 200 https://registry.npmjs.org/balanced-match/-/balanced-match-1.0.2.tgz 11745ms (cache miss)
1043 http fetch GET 200 https://registry.npmjs.org/nanoid 13062ms (cache miss)
1044 silly packumentCache corgi:https://registry.npmjs.org/nanoid set size:undefined disposed:false
1045 http fetch GET 200 https://registry.npmjs.org/data-view-buffer/-/data-view-buffer-1.0.2.tgz 11993ms (cache miss)
1046 http fetch GET 200 https://registry.npmjs.org/concat-map/-/concat-map-0.0.1.tgz 11966ms (cache miss)
1047 http fetch GET 200 https://registry.npmjs.org/color-convert/-/color-convert-2.0.1.tgz 11956ms (cache miss)
1048 http fetch GET 200 https://registry.npmjs.org/chalk/-/chalk-4.1.2.tgz 11948ms (cache miss)
1049 http fetch GET 200 https://registry.npmjs.org/callsites/-/callsites-3.1.0.tgz 11941ms (cache miss)
1050 http fetch GET 200 https://registry.npmjs.org/ast-types-flow/-/ast-types-flow-0.0.8.tgz 11892ms (cache miss)
1051 http fetch GET 200 https://registry.npmjs.org/array.prototype.flatmap/-/array.prototype.flatmap-1.3.3.tgz 11885ms (cache miss)
1052 http fetch GET 200 https://registry.npmjs.org/get-tsconfig/-/get-tsconfig-4.13.6.tgz 12425ms (cache miss)
1053 http fetch GET 200 https://registry.npmjs.org/eslint-visitor-keys/-/eslint-visitor-keys-4.2.1.tgz 12332ms (cache miss)
1054 http fetch GET 200 https://registry.npmjs.org/cssesc/-/cssesc-3.0.0.tgz 12133ms (cache miss)
1055 http fetch GET 200 https://registry.npmjs.org/browserslist/-/browserslist-4.28.1.tgz 12079ms (cache miss)
1056 http fetch GET 200 https://registry.npmjs.org/available-typed-arrays/-/available-typed-arrays-1.0.7.tgz 12052ms (cache miss)
1057 http fetch GET 200 https://registry.npmjs.org/arg/-/arg-5.0.2.tgz 12005ms (cache miss)
1058 http fetch GET 200 https://registry.npmjs.org/call-bound/-/call-bound-1.0.4.tgz 12208ms (cache miss)
1059 http fetch GET 200 https://registry.npmjs.org/camelcase-css/-/camelcase-css-2.0.1.tgz 12218ms (cache miss)
1060 http fetch GET 200 https://registry.npmjs.org/async-function/-/async-function-1.0.0.tgz 12168ms (cache miss)
1061 http fetch GET 200 https://registry.npmjs.org/array.prototype.flat/-/array.prototype.flat-1.3.3.tgz 12153ms (cache miss)
1062 http fetch GET 200 https://registry.npmjs.org/arraybuffer.prototype.slice/-/arraybuffer.prototype.slice-1.0.4.tgz 12165ms (cache miss)
1063 http fetch GET 200 https://registry.npmjs.org/anymatch/-/anymatch-3.1.3.tgz 12125ms (cache miss)
1064 http fetch GET 200 https://registry.npmjs.org/object.assign/-/object.assign-4.1.7.tgz 12980ms (cache miss)
1065 http fetch GET 200 https://registry.npmjs.org/commander/-/commander-4.1.1.tgz 12319ms (cache miss)
1066 http fetch GET 200 https://registry.npmjs.org/binary-extensions/-/binary-extensions-2.3.0.tgz 12268ms (cache miss)
1067 http fetch GET 200 https://registry.npmjs.org/call-bind/-/call-bind-1.0.8.tgz 12286ms (cache miss)
1068 http fetch GET 200 https://registry.npmjs.org/array-buffer-byte-length/-/array-buffer-byte-length-1.0.2.tgz 12220ms (cache miss)
1069 http fetch GET 200 https://registry.npmjs.org/flatted/-/flatted-3.4.2.tgz 12659ms (cache miss)
1070 http fetch GET 200 https://registry.npmjs.org/dunder-proto/-/dunder-proto-1.0.1.tgz 12512ms (cache miss)
1071 http fetch GET 200 https://registry.npmjs.org/any-promise/-/any-promise-1.3.0.tgz 12266ms (cache miss)
1072 http fetch GET 200 https://registry.npmjs.org/ansi-styles/-/ansi-styles-4.3.0.tgz 12263ms (cache miss)
1073 http fetch GET 200 https://registry.npmjs.org/acorn-jsx/-/acorn-jsx-5.3.2.tgz 12259ms (cache miss)
1074 http fetch GET 200 https://registry.npmjs.org/source-map-js/-/source-map-js-1.2.1.tgz 13344ms (cache miss)
1075 http fetch GET 200 https://registry.npmjs.org/doctrine/-/doctrine-2.1.0.tgz 12577ms (cache miss)
1076 http fetch GET 200 https://registry.npmjs.org/espree/-/espree-10.4.0.tgz 12683ms (cache miss)
1077 http fetch GET 200 https://registry.npmjs.org/chokidar/-/chokidar-3.6.0.tgz 12447ms (cache miss)
1078 http fetch GET 200 https://registry.npmjs.org/array-includes/-/array-includes-3.1.9.tgz 12358ms (cache miss)
1079 http fetch GET 200 https://registry.npmjs.org/@types/estree/-/estree-1.0.8.tgz 12250ms (cache miss)
1080 http fetch GET 200 https://registry.npmjs.org/@types/geojson/-/geojson-7946.0.16.tgz 12257ms (cache miss)
1081 http fetch GET 200 https://registry.npmjs.org/@types/json-schema/-/json-schema-7.0.15.tgz 12264ms (cache miss)
1082 http fetch GET 200 https://registry.npmjs.org/@types/react-dom/-/react-dom-19.2.3.tgz 12346ms (cache miss)
1083 http fetch GET 200 https://registry.npmjs.org/define-data-property/-/define-data-property-1.1.4.tgz 12382ms (cache miss)
1084 http fetch GET 200 https://registry.npmjs.org/@types/leaflet/-/leaflet-1.9.21.tgz 12344ms (cache miss)
1085 http fetch GET 200 https://registry.npmjs.org/zod-validation-error/-/zod-validation-error-4.0.2.tgz 13653ms (cache miss)
1086 http fetch GET 200 https://registry.npmjs.org/@types/json5/-/json5-0.0.29.tgz 12403ms (cache miss)
1087 http fetch GET 200 https://registry.npmjs.org/@nodelib/fs.walk/-/fs.walk-1.2.8.tgz 12366ms (cache miss)
1088 http fetch GET 200 https://registry.npmjs.org/@nodelib/fs.stat/-/fs.stat-2.0.5.tgz 12365ms (cache miss)
1089 http fetch GET 200 https://registry.npmjs.org/function.prototype.name/-/function.prototype.name-1.1.8.tgz 12963ms (cache miss)
1090 http fetch GET 200 https://registry.npmjs.org/@tailwindcss/oxide/-/oxide-4.2.2.tgz 12453ms (cache miss)
1091 http fetch GET 200 https://registry.npmjs.org/@rtsao/scc/-/scc-1.1.0.tgz 12444ms (cache miss)
1092 http fetch GET 200 https://registry.npmjs.org/@humanwhocodes/retry/-/retry-0.4.3.tgz 12396ms (cache miss)
1093 http fetch GET 200 https://registry.npmjs.org/electron-to-chromium/-/electron-to-chromium-1.5.321.tgz 12894ms (cache miss)
1094 http fetch GET 200 https://registry.npmjs.org/braces/-/braces-3.0.3.tgz 12718ms (cache miss)
1095 http fetch GET 200 https://registry.npmjs.org/@nodelib/fs.scandir/-/fs.scandir-2.1.5.tgz 12516ms (cache miss)
1096 http fetch GET 200 https://registry.npmjs.org/@react-leaflet/core/-/core-3.0.0.tgz 12533ms (cache miss)
1097 http fetch GET 200 https://registry.npmjs.org/@next/env/-/env-16.2.9.tgz 12520ms (cache miss)
1098 http fetch GET 200 https://registry.npmjs.org/@eslint/object-schema/-/object-schema-2.1.7.tgz 12473ms (cache miss)
1099 http fetch GET 200 https://registry.npmjs.org/@eslint/config-helpers/-/config-helpers-0.4.2.tgz 12458ms (cache miss)
1100 http fetch GET 200 https://registry.npmjs.org/@img/colour/-/colour-1.1.0.tgz 12502ms (cache miss)
1101 http fetch GET 200 https://registry.npmjs.org/@tailwindcss/forms/-/forms-0.5.11.tgz 12608ms (cache miss)
1102 http fetch GET 200 https://registry.npmjs.org/@jridgewell/resolve-uri/-/resolve-uri-3.1.2.tgz 12568ms (cache miss)
1103 http fetch GET 200 https://registry.npmjs.org/@jridgewell/remapping/-/remapping-2.3.5.tgz 12566ms (cache miss)
1104 http fetch GET 200 https://registry.npmjs.org/@humanfs/core/-/core-0.19.1.tgz 12549ms (cache miss)
1105 http fetch GET 200 https://registry.npmjs.org/undici-types/-/undici-types-6.21.0.tgz 13904ms (cache miss)
1106 http fetch GET 200 https://registry.npmjs.org/argparse/-/argparse-2.0.1.tgz 12789ms (cache miss)
1107 http fetch GET 200 https://registry.npmjs.org/@typescript-eslint/parser/-/parser-8.57.1.tgz 12723ms (cache miss)
1108 http fetch GET 200 https://registry.npmjs.org/@tailwindcss/postcss/-/postcss-4.2.2.tgz 12689ms (cache miss)
1109 http fetch GET 200 https://registry.npmjs.org/@nolyfill/is-core-module/-/is-core-module-1.0.39.tgz 12664ms (cache miss)
1110 http fetch GET 200 https://registry.npmjs.org/@eslint/js/-/js-9.39.4.tgz 12600ms (cache miss)
1111 http fetch GET 200 https://registry.npmjs.org/@babel/helper-globals/-/helper-globals-7.28.0.tgz 12542ms (cache miss)
1112 http fetch GET 200 https://registry.npmjs.org/@babel/helper-validator-option/-/helper-validator-option-7.27.1.tgz 12561ms (cache miss)
1113 http fetch GET 200 https://registry.npmjs.org/array.prototype.tosorted/-/array.prototype.tosorted-1.1.4.tgz 12891ms (cache miss)
1114 http fetch GET 200 https://registry.npmjs.org/emoji-regex/-/emoji-regex-9.2.2.tgz 13124ms (cache miss)
1115 http fetch GET 200 https://registry.npmjs.org/@humanwhocodes/module-importer/-/module-importer-1.0.1.tgz 12690ms (cache miss)
1116 http fetch GET 200 https://registry.npmjs.org/@babel/helper-compilation-targets/-/helper-compilation-targets-7.28.6.tgz 12611ms (cache miss)
1117 http fetch GET 200 https://registry.npmjs.org/array.prototype.findlastindex/-/array.prototype.findlastindex-1.2.6.tgz 12936ms (cache miss)
1118 http fetch GET 200 https://registry.npmjs.org/@eslint/core/-/core-0.17.0.tgz 12720ms (cache miss)
1119 http fetch GET 200 https://registry.npmjs.org/@babel/helper-string-parser/-/helper-string-parser-7.27.1.tgz 12681ms (cache miss)
1120 http fetch GET 200 https://registry.npmjs.org/@babel/code-frame/-/code-frame-7.29.0.tgz 12654ms (cache miss)
1121 http fetch GET 200 https://registry.npmjs.org/@alloc/quick-lru/-/quick-lru-5.2.0.tgz 12657ms (cache miss)
1122 http fetch GET 200 https://registry.npmjs.org/postcss 14220ms (cache miss)
1123 silly packumentCache corgi:https://registry.npmjs.org/postcss set size:undefined disposed:false
1124 http fetch GET 200 https://registry.npmjs.org/eslint-module-utils/-/eslint-module-utils-2.12.1.tgz 13379ms (cache miss)
1125 http fetch GET 200 https://registry.npmjs.org/eslint-visitor-keys/-/eslint-visitor-keys-5.0.1.tgz 12646ms (cache miss)
1126 http fetch GET 200 https://registry.npmjs.org/semver/-/semver-6.3.1.tgz 12717ms (cache miss)
1127 http fetch GET 200 https://registry.npmjs.org/glob-parent/-/glob-parent-5.1.2.tgz 12728ms (cache miss)
1128 http fetch GET 200 https://registry.npmjs.org/balanced-match/-/balanced-match-4.0.4.tgz 12683ms (cache miss)
1129 http fetch GET 200 https://registry.npmjs.org/node-exports-info/-/node-exports-info-1.6.0.tgz 13925ms (cache miss)
1130 http fetch GET 200 https://registry.npmjs.org/array.prototype.findlast/-/array.prototype.findlast-1.2.5.tgz 13179ms (cache miss)
1131 http fetch GET 200 https://registry.npmjs.org/@typescript-eslint/visitor-keys/-/visitor-keys-8.57.1.tgz 13131ms (cache miss)
1132 http fetch GET 200 https://registry.npmjs.org/fdir/-/fdir-6.5.0.tgz 12787ms (cache miss)
1133 http fetch GET 200 https://registry.npmjs.org/@babel/compat-data/-/compat-data-7.29.0.tgz 12898ms (cache miss)
1134 http fetch GET 200 https://registry.npmjs.org/es-to-primitive/-/es-to-primitive-1.3.0.tgz 13506ms (cache miss)
1135 http fetch GET 200 https://registry.npmjs.org/@typescript-eslint/project-service/-/project-service-8.57.1.tgz 13155ms (cache miss)
1136 http fetch GET 200 https://registry.npmjs.org/@typescript-eslint/tsconfig-utils/-/tsconfig-utils-8.57.1.tgz 13161ms (cache miss)
1137 http fetch GET 200 https://registry.npmjs.org/@humanfs/node/-/node-0.16.7.tgz 13045ms (cache miss)
1138 http fetch GET 200 https://registry.npmjs.org/semver/-/semver-6.3.1.tgz 12853ms (cache miss)
1139 http fetch GET 200 https://registry.npmjs.org/semver/-/semver-6.3.1.tgz 12805ms (cache miss)
1140 http fetch GET 200 https://registry.npmjs.org/semver/-/semver-6.3.1.tgz 12803ms (cache miss)
1141 http fetch GET 200 https://registry.npmjs.org/semver/-/semver-6.3.1.tgz 12874ms (cache miss)
1142 http fetch GET 200 https://registry.npmjs.org/ignore/-/ignore-7.0.5.tgz 12831ms (cache miss)
1143 http fetch GET 200 https://registry.npmjs.org/word-wrap/-/word-wrap-1.2.5.tgz 12809ms (cache miss)
1144 http fetch GET 200 https://registry.npmjs.org/baseline-browser-mapping/-/baseline-browser-mapping-2.10.9.tgz 13373ms (cache miss)
1145 http fetch GET 200 https://registry.npmjs.org/@babel/helper-validator-identifier/-/helper-validator-identifier-7.28.5.tgz 13074ms (cache miss)
1146 http fetch GET 200 https://registry.npmjs.org/glob-parent/-/glob-parent-5.1.2.tgz 12930ms (cache miss)
1147 http fetch GET 200 https://registry.npmjs.org/glob-parent/-/glob-parent-5.1.2.tgz 12893ms (cache miss)
1148 http fetch GET 200 https://registry.npmjs.org/brace-expansion/-/brace-expansion-5.0.5.tgz 12887ms (cache miss)
1149 http fetch GET 200 https://registry.npmjs.org/tapable/-/tapable-2.3.0.tgz 14416ms (cache miss)
1150 http fetch GET 200 https://registry.npmjs.org/debug/-/debug-3.2.7.tgz 12941ms (cache miss)
1151 http fetch GET 200 https://registry.npmjs.org/globals/-/globals-16.4.0.tgz 12948ms (cache miss)
1152 http fetch GET 200 https://registry.npmjs.org/debug/-/debug-3.2.7.tgz 12953ms (cache miss)
1153 http fetch GET 200 https://registry.npmjs.org/minimist/-/minimist-1.2.8.tgz 14165ms (cache miss)
1154 http fetch GET 200 https://registry.npmjs.org/debug/-/debug-3.2.7.tgz 13011ms (cache miss)
1155 http fetch GET 200 https://registry.npmjs.org/eslint-scope/-/eslint-scope-8.4.0.tgz 13868ms (cache miss)
1156 http fetch GET 200 https://registry.npmjs.org/picomatch/-/picomatch-4.0.4.tgz 13213ms (cache miss)
1157 http fetch GET 200 https://registry.npmjs.org/@tailwindcss/node/-/node-4.2.2.tgz 13507ms (cache miss)
1158 http fetch GET 200 https://registry.npmjs.org/eslint-visitor-keys/-/eslint-visitor-keys-3.4.3.tgz 13179ms (cache miss)
1159 http fetch GET 200 https://registry.npmjs.org/napi-postinstall/-/napi-postinstall-0.3.4.tgz 14480ms (cache miss)
1160 http fetch GET 200 https://registry.npmjs.org/@babel/helper-module-imports/-/helper-module-imports-7.28.6.tgz 13497ms (cache miss)
1161 http fetch GET 200 https://registry.npmjs.org/@xmldom/xmldom/-/xmldom-0.8.12.tgz 13757ms (cache miss)
1162 http fetch GET 200 https://registry.npmjs.org/react/-/react-19.2.4.tgz 14715ms (cache miss)
1163 http fetch GET 200 https://registry.npmjs.org/lightningcss/-/lightningcss-1.32.0.tgz 14495ms (cache miss)
1164 http fetch GET 200 https://registry.npmjs.org/magic-string/-/magic-string-0.30.21.tgz 14549ms (cache miss)
1165 http fetch GET 200 https://registry.npmjs.org/fraction.js/-/fraction.js-5.3.4.tgz 14273ms (cache miss)
1166 http fetch GET 200 https://registry.npmjs.org/hermes-estree/-/hermes-estree-0.25.1.tgz 14390ms (cache miss)
1167 http fetch GET 200 https://registry.npmjs.org/@typescript-eslint/types/-/types-8.57.1.tgz 13956ms (cache miss)
1168 http fetch GET 200 https://registry.npmjs.org/@eslint-community/eslint-utils/-/eslint-utils-4.9.1.tgz 13787ms (cache miss)
1169 http fetch GET 200 https://registry.npmjs.org/@eslint/plugin-kit/-/plugin-kit-0.4.1.tgz 13875ms (cache miss)
1170 http fetch GET 200 https://registry.npmjs.org/@eslint-community/regexpp/-/regexpp-4.12.2.tgz 13901ms (cache miss)
1171 http fetch GET 200 https://registry.npmjs.org/acorn/-/acorn-8.16.0.tgz 14166ms (cache miss)
1172 http fetch GET 200 https://registry.npmjs.org/object-inspect/-/object-inspect-1.13.4.tgz 15000ms (cache miss)
1173 http fetch GET 200 https://registry.npmjs.org/@types/react/-/react-19.2.14.tgz 14170ms (cache miss)
1174 http fetch GET 200 https://registry.npmjs.org/@babel/template/-/template-7.28.6.tgz 14152ms (cache miss)
1175 http fetch GET 200 https://registry.npmjs.org/@babel/helper-module-transforms/-/helper-module-transforms-7.28.6.tgz 14158ms (cache miss)
1176 http fetch GET 200 https://registry.npmjs.org/styled-jsx/-/styled-jsx-5.1.6.tgz 15682ms (cache miss)
1177 http fetch GET 200 https://registry.npmjs.org/csstype/-/csstype-3.2.3.tgz 14844ms (cache miss)
1178 http fetch GET 200 https://registry.npmjs.org/json5/-/json5-2.2.3.tgz 14326ms (cache miss)
1179 http fetch GET 200 https://registry.npmjs.org/@jridgewell/sourcemap-codec/-/sourcemap-codec-1.5.5.tgz 14702ms (cache miss)
1180 http fetch GET 200 https://registry.npmjs.org/@eslint/config-array/-/config-array-0.21.2.tgz 14825ms (cache miss)
1181 http fetch GET 200 https://registry.npmjs.org/esquery/-/esquery-1.7.0.tgz 15406ms (cache miss)
1182 http fetch GET 200 https://registry.npmjs.org/@jridgewell/gen-mapping/-/gen-mapping-0.3.13.tgz 15196ms (cache miss)
1183 http fetch GET 200 https://registry.npmjs.org/react-leaflet/-/react-leaflet-5.0.0.tgz 16332ms (cache miss)
1184 http fetch GET 200 https://registry.npmjs.org/sharp/-/sharp-0.34.5.tgz 16478ms (cache miss)
1185 http fetch GET 200 https://registry.npmjs.org/postcss-selector-parser/-/postcss-selector-parser-6.1.2.tgz 16549ms (cache miss)
1186 http fetch GET 200 https://registry.npmjs.org/semver/-/semver-7.7.4.tgz 16835ms (cache miss)
1187 http fetch GET 200 https://registry.npmjs.org/js-yaml/-/js-yaml-4.1.1.tgz 16549ms (cache miss)
1188 http fetch GET 200 https://registry.npmjs.org/jiti/-/jiti-2.6.1.tgz 16564ms (cache miss)
1189 http fetch GET 200 https://registry.npmjs.org/language-subtag-registry/-/language-subtag-registry-0.3.23.tgz 16768ms (cache miss)
1190 http fetch GET 200 https://registry.npmjs.org/postcss/-/postcss-8.5.8.tgz 17052ms (cache miss)
1191 http fetch GET 200 https://registry.npmjs.org/tailwindcss/-/tailwindcss-4.2.2.tgz 15792ms (cache miss)
1192 http fetch GET 200 https://registry.npmjs.org/tailwindcss/-/tailwindcss-4.2.2.tgz 15818ms (cache miss)
1193 http fetch GET 200 https://registry.npmjs.org/@unrs/resolver-binding-android-arm64/-/resolver-binding-android-arm64-1.11.1.tgz 16251ms (cache miss)
1194 http fetch GET 200 https://registry.npmjs.org/@babel/parser/-/parser-7.29.2.tgz 16044ms (cache miss)
1195 http fetch GET 200 https://registry.npmjs.org/@jridgewell/trace-mapping/-/trace-mapping-0.3.31.tgz 16235ms (cache miss)
1196 http fetch GET 200 https://registry.npmjs.org/@typescript-eslint/type-utils/-/type-utils-8.57.1.tgz 16419ms (cache miss)
1197 http fetch GET 200 https://registry.npmjs.org/@eslint/eslintrc/-/eslintrc-3.3.5.tgz 16327ms (cache miss)
1198 http fetch GET 200 https://registry.npmjs.org/jiti/-/jiti-1.21.7.tgz 16189ms (cache miss)
1199 http fetch GET 200 https://registry.npmjs.org/enhanced-resolve/-/enhanced-resolve-5.20.1.tgz 16947ms (cache miss)
1200 http fetch GET 200 https://registry.npmjs.org/postcss/-/postcss-8.4.31.tgz 16360ms (cache miss)
1201 http fetch GET 200 https://registry.npmjs.org/@tailwindcss/oxide-android-arm64/-/oxide-android-arm64-4.2.2.tgz 16703ms (cache miss)
1202 http fetch GET 200 https://registry.npmjs.org/uri-js/-/uri-js-4.4.1.tgz 18297ms (cache miss)
1203 http fetch GET 200 https://registry.npmjs.org/@babel/generator/-/generator-7.29.1.tgz 17221ms (cache miss)
1204 http fetch GET 200 https://registry.npmjs.org/hermes-parser/-/hermes-parser-0.25.1.tgz 18046ms (cache miss)
1205 http fetch GET 200 https://registry.npmjs.org/fast-glob/-/fast-glob-3.3.1.tgz 18059ms (cache miss)
1206 http fetch GET 200 https://registry.npmjs.org/@next/eslint-plugin-next/-/eslint-plugin-next-16.2.1.tgz 17574ms (cache miss)
1207 http fetch GET 200 https://registry.npmjs.org/axe-core/-/axe-core-4.11.1.tgz 17828ms (cache miss)
1208 http fetch GET 200 https://registry.npmjs.org/tsconfig-paths/-/tsconfig-paths-3.15.0.tgz 18877ms (cache miss)
1209 http fetch GET 200 https://registry.npmjs.org/@types/node/-/node-20.19.37.tgz 17796ms (cache miss)
1210 http fetch GET 200 https://registry.npmjs.org/eslint-plugin-react-hooks/-/eslint-plugin-react-hooks-7.0.1.tgz 18265ms (cache miss)
1211 http fetch GET 200 https://registry.npmjs.org/fast-glob/-/fast-glob-3.3.3.tgz 17547ms (cache miss)
1212 http fetch GET 200 https://registry.npmjs.org/minimatch/-/minimatch-10.2.4.tgz 17646ms (cache miss)
1213 http fetch GET 200 https://registry.npmjs.org/autoprefixer/-/autoprefixer-10.4.27.tgz 18717ms (cache miss)
1214 http fetch GET 200 https://registry.npmjs.org/@babel/traverse/-/traverse-7.29.0.tgz 18547ms (cache miss)
1215 http fetch GET 200 https://registry.npmjs.org/es-iterator-helpers/-/es-iterator-helpers-1.3.1.tgz 19126ms (cache miss)
1216 http fetch GET 200 https://registry.npmjs.org/@typescript-eslint/typescript-estree/-/typescript-estree-8.57.1.tgz 18832ms (cache miss)
1217 http fetch GET 200 https://registry.npmjs.org/@typescript-eslint/utils/-/utils-8.57.1.tgz 19341ms (cache miss)
1218 http fetch GET 200 https://registry.npmjs.org/resolve/-/resolve-1.22.11.tgz 20425ms (cache miss)
1219 http fetch GET 200 https://registry.npmjs.org/ajv/-/ajv-6.14.0.tgz 19595ms (cache miss)
1220 http fetch GET 200 https://registry.npmjs.org/jsx-ast-utils/-/jsx-ast-utils-3.3.5.tgz 20351ms (cache miss)
1221 http fetch GET 200 https://registry.npmjs.org/react-dom/-/react-dom-19.2.4.tgz 21082ms (cache miss)
1222 http fetch GET 200 https://registry.npmjs.org/resolve/-/resolve-2.0.0-next.6.tgz 19764ms (cache miss)
1223 http fetch GET 200 https://registry.npmjs.org/lightningcss-android-arm64/-/lightningcss-android-arm64-1.32.0.tgz 21210ms (cache miss)
1224 http fetch GET 200 https://registry.npmjs.org/eslint-plugin-import/-/eslint-plugin-import-2.32.0.tgz 21294ms (cache miss)
1225 http fetch GET 200 https://registry.npmjs.org/@babel/core/-/core-7.29.0.tgz 20744ms (cache miss)
1226 http fetch GET 200 https://registry.npmjs.org/leaflet/-/leaflet-1.9.4.tgz 22178ms (cache miss)
1227 http fetch GET 200 https://registry.npmjs.org/axobject-query/-/axobject-query-4.1.0.tgz 21897ms (cache miss)
1228 http fetch GET 200 https://registry.npmjs.org/@babel/types/-/types-7.29.0.tgz 22562ms (cache miss)
1229 http fetch GET 200 https://registry.npmjs.org/sucrase/-/sucrase-3.35.1.tgz 24507ms (cache miss)
1230 http fetch GET 200 https://registry.npmjs.org/@babel/helpers/-/helpers-7.29.2.tgz 23453ms (cache miss)
1231 http fetch GET 200 https://registry.npmjs.org/aria-query/-/aria-query-5.3.2.tgz 23765ms (cache miss)
1232 http fetch GET 200 https://registry.npmjs.org/eslint-plugin-jsx-a11y/-/eslint-plugin-jsx-a11y-6.10.2.tgz 24209ms (cache miss)
1233 http fetch GET 200 https://registry.npmjs.org/@swc/helpers/-/helpers-0.5.15.tgz 23845ms (cache miss)
1234 http fetch GET 200 https://registry.npmjs.org/tailwindcss/-/tailwindcss-3.4.19.tgz 25384ms (cache miss)
1235 http fetch GET 200 https://registry.npmjs.org/next 25974ms (cache miss)
1236 silly packumentCache corgi:https://registry.npmjs.org/next set size:undefined disposed:false
1237 silly packumentCache corgi:https://registry.npmjs.org/@babel%2fhelper-module-transforms cache-miss
1238 silly packumentCache corgi:https://registry.npmjs.org/eslint-plugin-react-hooks cache-miss
1239 http fetch GET 200 https://registry.npmjs.org/@typescript-eslint/scope-manager/-/scope-manager-8.57.1.tgz 31782ms (cache miss)
1240 http fetch GET 200 https://registry.npmjs.org/@babel%2fhelper-module-transforms 193ms (cache miss)
1241 silly packumentCache corgi:https://registry.npmjs.org/@babel%2fhelper-module-transforms set size:undefined disposed:false
1242 http fetch GET 200 https://registry.npmjs.org/typescript/-/typescript-5.9.3.tgz 33829ms (cache miss)
1243 http fetch GET 200 https://registry.npmjs.org/eslint-plugin-react-hooks 1019ms (cache miss)
1244 silly packumentCache corgi:https://registry.npmjs.org/eslint-plugin-react-hooks set size:undefined disposed:false
1245 silly packumentCache corgi:https://registry.npmjs.org/minimatch cache-miss
1246 http fetch GET 200 https://registry.npmjs.org/eslint-plugin-react/-/eslint-plugin-react-7.37.5.tgz 33780ms (cache miss)
1247 http fetch GET 200 https://registry.npmjs.org/minimatch 186ms (cache miss)
1248 silly packumentCache corgi:https://registry.npmjs.org/minimatch set size:undefined disposed:false
1249 silly packumentCache corgi:https://registry.npmjs.org/@eslint%2feslintrc cache-miss
1250 http fetch GET 200 https://registry.npmjs.org/@eslint%2feslintrc 166ms (cache miss)
1251 silly packumentCache corgi:https://registry.npmjs.org/@eslint%2feslintrc set size:undefined disposed:false
1252 silly packumentCache corgi:https://registry.npmjs.org/@tailwindcss%2fpostcss cache-miss
1253 silly packumentCache corgi:https://registry.npmjs.org/autoprefixer cache-miss
1254 silly packumentCache corgi:https://registry.npmjs.org/postcss-import cache-miss
1255 silly packumentCache corgi:https://registry.npmjs.org/postcss-js cache-miss
1256 silly packumentCache corgi:https://registry.npmjs.org/postcss-load-config cache-miss
1257 silly packumentCache corgi:https://registry.npmjs.org/postcss-nested cache-miss
1258 silly packumentCache corgi:https://registry.npmjs.org/tailwindcss cache-miss
1259 http fetch GET 200 https://registry.npmjs.org/postcss-js 1939ms (cache miss)
1260 silly packumentCache corgi:https://registry.npmjs.org/postcss-js set size:undefined disposed:false
1261 http fetch GET 200 https://registry.npmjs.org/postcss-load-config 2005ms (cache miss)
1262 silly packumentCache corgi:https://registry.npmjs.org/postcss-load-config set size:undefined disposed:false
1263 http fetch GET 200 https://registry.npmjs.org/postcss-nested 2044ms (cache miss)
1264 silly packumentCache corgi:https://registry.npmjs.org/postcss-nested set size:undefined disposed:false
1265 http fetch GET 200 https://registry.npmjs.org/postcss-import 2146ms (cache miss)
1266 silly packumentCache corgi:https://registry.npmjs.org/postcss-import set size:undefined disposed:false
1267 http fetch GET 200 https://registry.npmjs.org/autoprefixer 2250ms (cache miss)
1268 silly packumentCache corgi:https://registry.npmjs.org/autoprefixer set size:undefined disposed:false
1269 http fetch GET 200 https://registry.npmjs.org/@tailwindcss%2fpostcss 2666ms (cache miss)
1270 silly packumentCache corgi:https://registry.npmjs.org/@tailwindcss%2fpostcss set size:undefined disposed:false
1271 http fetch GET 200 https://registry.npmjs.org/eslint/-/eslint-9.39.4.tgz 37614ms (cache miss)
1272 http fetch GET 200 https://registry.npmjs.org/@typescript-eslint/eslint-plugin/-/eslint-plugin-8.57.1.tgz 37534ms (cache miss)
1273 http fetch GET 200 https://registry.npmjs.org/tailwindcss 3573ms (cache miss)
1274 silly packumentCache corgi:https://registry.npmjs.org/tailwindcss set size:undefined disposed:false
1275 http fetch GET 200 https://registry.npmjs.org/zod/-/zod-4.3.6.tgz 42725ms (cache miss)
1276 http fetch GET 200 https://registry.npmjs.org/caniuse-lite/-/caniuse-lite-1.0.30001780.tgz 41657ms (cache miss)
1277 http fetch GET 200 https://registry.npmjs.org/es-abstract/-/es-abstract-1.24.1.tgz 44335ms (cache miss)
1278 http fetch GET 200 https://registry.npmjs.org/next/-/next-16.2.9.tgz 89071ms (cache miss)
1279 info run sharp@0.34.5 install node_modules/sharp node install/check.js || npm run build
1280 info run sharp@0.34.5 install { code: 0, signal: null }
1281 info run unrs-resolver@1.11.1 postinstall node_modules/unrs-resolver napi-postinstall unrs-resolver 1.11.1 check
1282 info run unrs-resolver@1.11.1 postinstall { code: 0, signal: null }
1283 silly ADD node_modules/zod-validation-error
1284 silly ADD node_modules/zod
1285 silly ADD node_modules/yocto-queue
1286 silly ADD node_modules/yallist
1287 silly ADD node_modules/word-wrap
1288 silly ADD node_modules/which-typed-array
1289 silly ADD node_modules/which-collection
1290 silly ADD node_modules/which-builtin-type
1291 silly ADD node_modules/which-boxed-primitive
1292 silly ADD node_modules/which
1293 silly ADD node_modules/util-deprecate
1294 silly ADD node_modules/uri-js
1295 silly ADD node_modules/update-browserslist-db
1296 silly ADD node_modules/unrs-resolver
1297 silly ADD node_modules/undici-types
1298 silly ADD node_modules/unbox-primitive
1299 silly ADD node_modules/typescript-eslint
1300 silly ADD node_modules/typescript
1301 silly ADD node_modules/typed-array-length
1302 silly ADD node_modules/typed-array-byte-offset
1303 silly ADD node_modules/typed-array-byte-length
1304 silly ADD node_modules/typed-array-buffer
1305 silly ADD node_modules/type-check
1306 silly ADD node_modules/tslib
1307 silly ADD node_modules/tsconfig-paths
1308 silly ADD node_modules/ts-interface-checker
1309 silly ADD node_modules/ts-api-utils
1310 silly ADD node_modules/to-regex-range
1311 silly ADD node_modules/tinyglobby
1312 silly ADD node_modules/tinyglobby/node_modules/picomatch
1313 silly ADD node_modules/tinyglobby/node_modules/fdir
1314 silly ADD node_modules/thenify-all
1315 silly ADD node_modules/thenify
1316 silly ADD node_modules/tapable
1317 silly ADD node_modules/tailwindcss
1318 silly ADD node_modules/tailwindcss/node_modules/jiti
1319 silly ADD node_modules/tailwindcss/node_modules/fast-glob
1320 silly ADD node_modules/tailwindcss/node_modules/fast-glob/node_modules/glob-parent
1321 silly ADD node_modules/supports-preserve-symlinks-flag
1322 silly ADD node_modules/supports-color
1323 silly ADD node_modules/sucrase
1324 silly ADD node_modules/styled-jsx
1325 silly ADD node_modules/strip-json-comments
1326 silly ADD node_modules/strip-bom
1327 silly ADD node_modules/string.prototype.trimstart
1328 silly ADD node_modules/string.prototype.trimend
1329 silly ADD node_modules/string.prototype.trim
1330 silly ADD node_modules/string.prototype.repeat
1331 silly ADD node_modules/string.prototype.matchall
1332 silly ADD node_modules/string.prototype.includes
1333 silly ADD node_modules/stop-iteration-iterator
1334 silly ADD node_modules/stable-hash
1335 silly ADD node_modules/source-map-js
1336 silly ADD node_modules/side-channel-weakmap
1337 silly ADD node_modules/side-channel-map
1338 silly ADD node_modules/side-channel-list
1339 silly ADD node_modules/side-channel
1340 silly ADD node_modules/shebang-regex
1341 silly ADD node_modules/shebang-command
1342 silly ADD node_modules/sharp
1343 silly ADD node_modules/set-proto
1344 silly ADD node_modules/set-function-name
1345 silly ADD node_modules/set-function-length
1346 silly ADD node_modules/semver
1347 silly ADD node_modules/scheduler
1348 silly ADD node_modules/safe-regex-test
1349 silly ADD node_modules/safe-push-apply
1350 silly ADD node_modules/safe-array-concat
1351 silly ADD node_modules/run-parallel
1352 silly ADD node_modules/reusify
1353 silly ADD node_modules/resolve-pkg-maps
1354 silly ADD node_modules/resolve-from
1355 silly ADD node_modules/resolve
1356 silly ADD node_modules/regexp.prototype.flags
1357 silly ADD node_modules/reflect.getprototypeof
1358 silly ADD node_modules/readdirp
1359 silly ADD node_modules/read-cache
1360 silly ADD node_modules/react-leaflet
1361 silly ADD node_modules/react-is
1362 silly ADD node_modules/react-dom
1363 silly ADD node_modules/react
1364 silly ADD node_modules/queue-microtask
1365 silly ADD node_modules/punycode
1366 silly ADD node_modules/prop-types
1367 silly ADD node_modules/prelude-ls
1368 silly ADD node_modules/postcss-value-parser
1369 silly ADD node_modules/postcss-selector-parser
1370 silly ADD node_modules/postcss-nested
1371 silly ADD node_modules/postcss-load-config
1372 silly ADD node_modules/postcss-js
1373 silly ADD node_modules/postcss-import
1374 silly ADD node_modules/postcss
1375 silly ADD node_modules/possible-typed-array-names
1376 silly ADD node_modules/pirates
1377 silly ADD node_modules/pify
1378 silly ADD node_modules/picomatch
1379 silly ADD node_modules/picocolors
1380 silly ADD node_modules/path-parse
1381 silly ADD node_modules/path-key
1382 silly ADD node_modules/path-exists
1383 silly ADD node_modules/parent-module
1384 silly ADD node_modules/p-locate
1385 silly ADD node_modules/p-limit
1386 silly ADD node_modules/own-keys
1387 silly ADD node_modules/optionator
1388 silly ADD node_modules/object.values
1389 silly ADD node_modules/object.groupby
1390 silly ADD node_modules/object.fromentries
1391 silly ADD node_modules/object.entries
1392 silly ADD node_modules/object.assign
1393 silly ADD node_modules/object-keys
1394 silly ADD node_modules/object-inspect
1395 silly ADD node_modules/object-hash
1396 silly ADD node_modules/object-assign
1397 silly ADD node_modules/normalize-path
1398 silly ADD node_modules/node-releases
1399 silly ADD node_modules/node-exports-info
1400 silly ADD node_modules/node-exports-info/node_modules/semver
1401 silly ADD node_modules/next
1402 silly ADD node_modules/next/node_modules/postcss
1403 silly ADD node_modules/natural-compare
1404 silly ADD node_modules/napi-postinstall
1405 silly ADD node_modules/nanoid
1406 silly ADD node_modules/mz
1407 silly ADD node_modules/ms
1408 silly ADD node_modules/minimist
1409 silly ADD node_modules/minimatch
1410 silly ADD node_modules/mini-svg-data-uri
1411 silly ADD node_modules/micromatch
1412 silly ADD node_modules/merge2
1413 silly ADD node_modules/math-intrinsics
1414 silly ADD node_modules/magic-string
1415 silly ADD node_modules/lru-cache
1416 silly ADD node_modules/loose-envify
1417 silly ADD node_modules/lodash.merge
1418 silly ADD node_modules/locate-path
1419 silly ADD node_modules/lines-and-columns
1420 silly ADD node_modules/lilconfig
1421 silly ADD node_modules/lightningcss-android-arm64
1422 silly ADD node_modules/lightningcss
1423 silly ADD node_modules/levn
1424 silly ADD node_modules/leaflet
1425 silly ADD node_modules/language-tags
1426 silly ADD node_modules/language-subtag-registry
1427 silly ADD node_modules/keyv
1428 silly ADD node_modules/jsx-ast-utils
1429 silly ADD node_modules/json5
1430 silly ADD node_modules/json-stable-stringify-without-jsonify
1431 silly ADD node_modules/json-schema-traverse
1432 silly ADD node_modules/json-buffer
1433 silly ADD node_modules/jsesc
1434 silly ADD node_modules/js-yaml
1435 silly ADD node_modules/js-tokens
1436 silly ADD node_modules/jiti
1437 silly ADD node_modules/iterator.prototype
1438 silly ADD node_modules/isexe
1439 silly ADD node_modules/isarray
1440 silly ADD node_modules/is-weakset
1441 silly ADD node_modules/is-weakref
1442 silly ADD node_modules/is-weakmap
1443 silly ADD node_modules/is-typed-array
1444 silly ADD node_modules/is-symbol
1445 silly ADD node_modules/is-string
1446 silly ADD node_modules/is-shared-array-buffer
1447 silly ADD node_modules/is-set
1448 silly ADD node_modules/is-regex
1449 silly ADD node_modules/is-number-object
1450 silly ADD node_modules/is-number
1451 silly ADD node_modules/is-negative-zero
1452 silly ADD node_modules/is-map
1453 silly ADD node_modules/is-glob
1454 silly ADD node_modules/is-generator-function
1455 silly ADD node_modules/is-finalizationregistry
1456 silly ADD node_modules/is-extglob
1457 silly ADD node_modules/is-date-object
1458 silly ADD node_modules/is-data-view
1459 silly ADD node_modules/is-core-module
1460 silly ADD node_modules/is-callable
1461 silly ADD node_modules/is-bun-module
1462 silly ADD node_modules/is-boolean-object
1463 silly ADD node_modules/is-binary-path
1464 silly ADD node_modules/is-bigint
1465 silly ADD node_modules/is-async-function
1466 silly ADD node_modules/is-array-buffer
1467 silly ADD node_modules/internal-slot
1468 silly ADD node_modules/imurmurhash
1469 silly ADD node_modules/import-fresh
1470 silly ADD node_modules/ignore
1471 silly ADD node_modules/hermes-parser
1472 silly ADD node_modules/hermes-estree
1473 silly ADD node_modules/hasown
1474 silly ADD node_modules/has-tostringtag
1475 silly ADD node_modules/has-symbols
1476 silly ADD node_modules/has-proto
1477 silly ADD node_modules/has-property-descriptors
1478 silly ADD node_modules/has-flag
1479 silly ADD node_modules/has-bigints
1480 silly ADD node_modules/graceful-fs
1481 silly ADD node_modules/gopd
1482 silly ADD node_modules/globalthis
1483 silly ADD node_modules/globals
1484 silly ADD node_modules/glob-parent
1485 silly ADD node_modules/get-tsconfig
1486 silly ADD node_modules/get-symbol-description
1487 silly ADD node_modules/get-proto
1488 silly ADD node_modules/get-intrinsic
1489 silly ADD node_modules/gensync
1490 silly ADD node_modules/generator-function
1491 silly ADD node_modules/functions-have-names
1492 silly ADD node_modules/function.prototype.name
1493 silly ADD node_modules/function-bind
1494 silly ADD node_modules/fraction.js
1495 silly ADD node_modules/for-each
1496 silly ADD node_modules/flatted
1497 silly ADD node_modules/flat-cache
1498 silly ADD node_modules/find-up
1499 silly ADD node_modules/fill-range
1500 silly ADD node_modules/file-entry-cache
1501 silly ADD node_modules/fastq
1502 silly ADD node_modules/fast-levenshtein
1503 silly ADD node_modules/fast-json-stable-stringify
1504 silly ADD node_modules/fast-glob
1505 silly ADD node_modules/fast-glob/node_modules/glob-parent
1506 silly ADD node_modules/fast-deep-equal
1507 silly ADD node_modules/esutils
1508 silly ADD node_modules/estraverse
1509 silly ADD node_modules/esrecurse
1510 silly ADD node_modules/esquery
1511 silly ADD node_modules/espree
1512 silly ADD node_modules/eslint-visitor-keys
1513 silly ADD node_modules/eslint-scope
1514 silly ADD node_modules/eslint-plugin-react-hooks
1515 silly ADD node_modules/eslint-plugin-react
1516 silly ADD node_modules/eslint-plugin-react/node_modules/semver
1517 silly ADD node_modules/eslint-plugin-react/node_modules/resolve
1518 silly ADD node_modules/eslint-plugin-jsx-a11y
1519 silly ADD node_modules/eslint-plugin-import
1520 silly ADD node_modules/eslint-plugin-import/node_modules/semver
1521 silly ADD node_modules/eslint-plugin-import/node_modules/debug
1522 silly ADD node_modules/eslint-module-utils
1523 silly ADD node_modules/eslint-module-utils/node_modules/debug
1524 silly ADD node_modules/eslint-import-resolver-typescript
1525 silly ADD node_modules/eslint-import-resolver-node
1526 silly ADD node_modules/eslint-import-resolver-node/node_modules/debug
1527 silly ADD node_modules/eslint-config-next
1528 silly ADD node_modules/eslint-config-next/node_modules/globals
1529 silly ADD node_modules/eslint
1530 silly ADD node_modules/escape-string-regexp
1531 silly ADD node_modules/escalade
1532 silly ADD node_modules/es-to-primitive
1533 silly ADD node_modules/es-shim-unscopables
1534 silly ADD node_modules/es-set-tostringtag
1535 silly ADD node_modules/es-object-atoms
1536 silly ADD node_modules/es-iterator-helpers
1537 silly ADD node_modules/es-errors
1538 silly ADD node_modules/es-define-property
1539 silly ADD node_modules/es-abstract
1540 silly ADD node_modules/enhanced-resolve
1541 silly ADD node_modules/emoji-regex
1542 silly ADD node_modules/electron-to-chromium
1543 silly ADD node_modules/dunder-proto
1544 silly ADD node_modules/doctrine
1545 silly ADD node_modules/dlv
1546 silly ADD node_modules/didyoumean
1547 silly ADD node_modules/detect-libc
1548 silly ADD node_modules/define-properties
1549 silly ADD node_modules/define-data-property
1550 silly ADD node_modules/deep-is
1551 silly ADD node_modules/debug
1552 silly ADD node_modules/data-view-byte-offset
1553 silly ADD node_modules/data-view-byte-length
1554 silly ADD node_modules/data-view-buffer
1555 silly ADD node_modules/damerau-levenshtein
1556 silly ADD node_modules/csstype
1557 silly ADD node_modules/cssesc
1558 silly ADD node_modules/cross-spawn
1559 silly ADD node_modules/convert-source-map
1560 silly ADD node_modules/concat-map
1561 silly ADD node_modules/commander
1562 silly ADD node_modules/color-name
1563 silly ADD node_modules/color-convert
1564 silly ADD node_modules/client-only
1565 silly ADD node_modules/chokidar
1566 silly ADD node_modules/chokidar/node_modules/glob-parent
1567 silly ADD node_modules/chalk
1568 silly ADD node_modules/caniuse-lite
1569 silly ADD node_modules/camelcase-css
1570 silly ADD node_modules/callsites
1571 silly ADD node_modules/call-bound
1572 silly ADD node_modules/call-bind-apply-helpers
1573 silly ADD node_modules/call-bind
1574 silly ADD node_modules/browserslist
1575 silly ADD node_modules/braces
1576 silly ADD node_modules/brace-expansion
1577 silly ADD node_modules/binary-extensions
1578 silly ADD node_modules/baseline-browser-mapping
1579 silly ADD node_modules/balanced-match
1580 silly ADD node_modules/axobject-query
1581 silly ADD node_modules/axe-core
1582 silly ADD node_modules/available-typed-arrays
1583 silly ADD node_modules/autoprefixer
1584 silly ADD node_modules/async-function
1585 silly ADD node_modules/ast-types-flow
1586 silly ADD node_modules/arraybuffer.prototype.slice
1587 silly ADD node_modules/array.prototype.tosorted
1588 silly ADD node_modules/array.prototype.flatmap
1589 silly ADD node_modules/array.prototype.flat
1590 silly ADD node_modules/array.prototype.findlastindex
1591 silly ADD node_modules/array.prototype.findlast
1592 silly ADD node_modules/array-includes
1593 silly ADD node_modules/array-buffer-byte-length
1594 silly ADD node_modules/aria-query
1595 silly ADD node_modules/argparse
1596 silly ADD node_modules/arg
1597 silly ADD node_modules/anymatch
1598 silly ADD node_modules/any-promise
1599 silly ADD node_modules/ansi-styles
1600 silly ADD node_modules/ajv
1601 silly ADD node_modules/acorn-jsx
1602 silly ADD node_modules/acorn
1603 silly ADD node_modules/@xmldom/xmldom
1604 silly ADD node_modules/@unrs/resolver-binding-android-arm64
1605 silly ADD node_modules/@typescript-eslint/visitor-keys
1606 silly ADD node_modules/@typescript-eslint/visitor-keys/node_modules/eslint-visitor-keys
1607 silly ADD node_modules/@typescript-eslint/utils
1608 silly ADD node_modules/@typescript-eslint/typescript-estree
1609 silly ADD node_modules/@typescript-eslint/typescript-estree/node_modules/minimatch
1610 silly ADD node_modules/@typescript-eslint/typescript-estree/node_modules/brace-expansion
1611 silly ADD node_modules/@typescript-eslint/typescript-estree/node_modules/balanced-match
1612 silly ADD node_modules/@typescript-eslint/types
1613 silly ADD node_modules/@typescript-eslint/type-utils
1614 silly ADD node_modules/@typescript-eslint/tsconfig-utils
1615 silly ADD node_modules/@typescript-eslint/scope-manager
1616 silly ADD node_modules/@typescript-eslint/project-service
1617 silly ADD node_modules/@typescript-eslint/parser
1618 silly ADD node_modules/@typescript-eslint/eslint-plugin
1619 silly ADD node_modules/@typescript-eslint/eslint-plugin/node_modules/ignore
1620 silly ADD node_modules/@types/react-dom
1621 silly ADD node_modules/@types/react
1622 silly ADD node_modules/@types/node
1623 silly ADD node_modules/@types/leaflet
1624 silly ADD node_modules/@types/json5
1625 silly ADD node_modules/@types/json-schema
1626 silly ADD node_modules/@types/geojson
1627 silly ADD node_modules/@types/estree
1628 silly ADD node_modules/@tailwindcss/postcss
1629 silly ADD node_modules/@tailwindcss/postcss/node_modules/tailwindcss
1630 silly ADD node_modules/@tailwindcss/oxide-android-arm64
1631 silly ADD node_modules/@tailwindcss/oxide
1632 silly ADD node_modules/@tailwindcss/node
1633 silly ADD node_modules/@tailwindcss/node/node_modules/tailwindcss
1634 silly ADD node_modules/@tailwindcss/forms
1635 silly ADD node_modules/@swc/helpers
1636 silly ADD node_modules/@rtsao/scc
1637 silly ADD node_modules/@react-leaflet/core
1638 silly ADD node_modules/@nolyfill/is-core-module
1639 silly ADD node_modules/@nodelib/fs.walk
1640 silly ADD node_modules/@nodelib/fs.stat
1641 silly ADD node_modules/@nodelib/fs.scandir
1642 silly ADD node_modules/@next/eslint-plugin-next
1643 silly ADD node_modules/@next/env
1644 silly ADD node_modules/@jridgewell/trace-mapping
1645 silly ADD node_modules/@jridgewell/sourcemap-codec
1646 silly ADD node_modules/@jridgewell/resolve-uri
1647 silly ADD node_modules/@jridgewell/remapping
1648 silly ADD node_modules/@jridgewell/gen-mapping
1649 silly ADD node_modules/@img/colour
1650 silly ADD node_modules/@humanwhocodes/retry
1651 silly ADD node_modules/@humanwhocodes/module-importer
1652 silly ADD node_modules/@humanfs/node
1653 silly ADD node_modules/@humanfs/core
1654 silly ADD node_modules/@eslint/plugin-kit
1655 silly ADD node_modules/@eslint/object-schema
1656 silly ADD node_modules/@eslint/js
1657 silly ADD node_modules/@eslint/eslintrc
1658 silly ADD node_modules/@eslint/core
1659 silly ADD node_modules/@eslint/config-helpers
1660 silly ADD node_modules/@eslint/config-array
1661 silly ADD node_modules/@eslint-community/regexpp
1662 silly ADD node_modules/@eslint-community/eslint-utils
1663 silly ADD node_modules/@eslint-community/eslint-utils/node_modules/eslint-visitor-keys
1664 silly ADD node_modules/@babel/types
1665 silly ADD node_modules/@babel/traverse
1666 silly ADD node_modules/@babel/template
1667 silly ADD node_modules/@babel/parser
1668 silly ADD node_modules/@babel/helpers
1669 silly ADD node_modules/@babel/helper-validator-option
1670 silly ADD node_modules/@babel/helper-validator-identifier
1671 silly ADD node_modules/@babel/helper-string-parser
1672 silly ADD node_modules/@babel/helper-module-transforms
1673 silly ADD node_modules/@babel/helper-module-imports
1674 silly ADD node_modules/@babel/helper-globals
1675 silly ADD node_modules/@babel/helper-compilation-targets
1676 silly ADD node_modules/@babel/helper-compilation-targets/node_modules/semver
1677 silly ADD node_modules/@babel/generator
1678 silly ADD node_modules/@babel/core
1679 silly ADD node_modules/@babel/core/node_modules/semver
1680 silly ADD node_modules/@babel/core/node_modules/json5
1681 silly ADD node_modules/@babel/compat-data
1682 silly ADD node_modules/@babel/code-frame
1683 silly ADD node_modules/@alloc/quick-lru
1684 warn allow-scripts 2 packages have install scripts not yet covered by allowScripts:
1684 warn allow-scripts   sharp@0.34.5 (install: node install/check.js || npm run build)
1684 warn allow-scripts   unrs-resolver@1.11.1 (postinstall: napi-postinstall unrs-resolver 1.11.1 check)
1684 warn allow-scripts
1684 warn allow-scripts Run `npm approve-scripts --allow-scripts-pending` to review, or `npm approve-scripts <pkg>` to allow.
1685 verbose cwd /data/data/com.termux/files/home/IRONSIGHT
1686 verbose os Linux 5.15.180-android13-8-o-01040-g1f90e2946269
1687 verbose node v26.3.1
1688 verbose npm  v11.17.0
1689 notice
1689 notice New [31mmajor[39m version of npm available! [31m11.17.0[39m -> [34m12.0.2[39m
1689 notice Changelog: [34mhttps://github.com/npm/cli/releases/tag/v12.0.2[39m
1689 notice To update run: [4mnpm install -g npm@12.0.2[24m
1689 notice  { force: true, Symbol(proc-log.meta): true }
1690 verbose exit 0
1691 info ok
